Date/Time,Media Description,Media Link
"You uploaded a feed photo on December 29, 2025 at 6:07 AM (GMT)","Usually, my LinkedIn posts are full of High end Robotics?ROS nodes, simulations, and software stacks etc. 

But today is about the chaotic, wired-up reality of the hardware side.

POV: You just spent 3 hours on the floor bench-testing everything at once for a stack of parallel projects.

From ESP32s and stepper motors to cameras and water quality sensors (yes, that?s oil in the glass) and many more, I?m running a marathon of component testing. It?s funny how in robotics, you can?t just be a programmer. You have to be an electrician, a mechanic, and sometimes a plumber just to get the code to run.

Every new sensor is a new documentation page to read and a new bug to squash. It?s messy, it?s loud, and it?s arguably the best way to learn.

Back to debugging! ??

#Robotics #EmbeddedSystems #ESP32 #IoT #EngineeringLife #BehindTheScenes #Hardware #LearningEveryday",https://media.licdn.com/dms/image/v2/D5622AQHQollCbUcGag/feedshare-shrink_20/B56Ztot53gJcA0-/0/1766988648751?e=1770854400&v=beta&t=zvZqqdCGrQOMwscDJ8t6W_G_tyhMzXLosmK0rveNhC0
"You uploaded a feed photo on December 3, 2025 at 3:47 PM (GMT)","The best kind of mail day.

There is a specific kind of joy in receiving a box full of sensors, microcontrollers, and motors. It?s basically Lego for engineers, just with more Python scripts and deadlines.

We are proud to announce that our team has qualified for Stage 2 of e Yantra robotics competition (eYRC) 2025-26. Out of the many teams that started, we?ve made it to the Top 100 and earned this sponsored hardware kit from e-Yantra, IIT Bombay.

We?ve proved our code works in the virtual arena. Now comes the fun part: turning that code into movement.

Thanks a lot to Govind Krishna C, Sidharth Sajith, Tharun Oommen Jacob for being a part of the team, its a really wonderful experience working along with all of you.

Anyway time to crack this box open and get to work.

#eYRC #eYRC2024 #RoboticsCompetition #IITBombay #eYantra #Top100 #HardwareKit #Unboxing #Robotics #Makers #EngineeringLife #STEMEducation #TechForGood #FutureEngineers #Microcontrollers #Sensors #Automation #EmbeddedSystems #Innovation #ProjectUpdate #DeepLearning #Python #TechNews #StudentLife #Engineering #Motivation #BuildBetter #IoT #IndiaInnovation",
"You uploaded a feed photo on December 3, 2025 at 3:46 PM (GMT)", -,https://media.licdn.com/dms/image/v2/D4D22AQFcsucWx8SKgg/feedshare-shrink_20/B4DZrk5TX5GQAM-/0/1764776818496?e=1770854400&v=beta&t=p8rN1M0T6TNn-lZEXWzRo6yt4Q4I0FdW1wLwGdwFijc
"You uploaded a feed photo on December 3, 2025 at 3:46 PM (GMT)", -,https://media.licdn.com/dms/image/v2/D4D22AQEE00m7H1yX6w/feedshare-shrink_20/B4DZrk5TIXGsAM-/0/1764776817412?e=1770854400&v=beta&t=-IzzMkbi91R0bSMfTxw8IuNQYzvZx5N0fjNQOnqPkRM
"You uploaded a feed photo on December 3, 2025 at 3:46 PM (GMT)", -,https://media.licdn.com/dms/image/v2/D4D22AQHcNGMjRaVf8A/feedshare-shrink_800/B4DZrk5TOnG4Ag-/0/1764776817853?e=1770854400&v=beta&t=pjxpTszjg6P4XCM4o1BIscUC-0SI1ay899a67j9vN_8
"You uploaded a feed document on November 22, 2025 at 10:38 AM (GMT)","Research Paper Accepted at U R Rao Satellite Centre (URSC), ISRO Conference.

    I am really really excited to share that our research paper, ""Automating the Visual Inspection of Aircraft Structures Using 2D and 3D Computer Vision, Machine Learning, and Robotics,"" has been accepted and presented at the 14th National Seminar on Aerospace and Related Mechanisms (ARMS 2025).

    This work was a massive team effort led by Adithya Satheesh, co-authors Ranjitha G, Kartik Yadav, and guided by our mentor Augustin M.J. at CSIR - National Aerospace Laboratories (NAL).

    My contribution focused on laying the groundwork for the autonomous navigation stack:

        Architecting the initial ROS 2 framework on NVIDIA Jetson.

??????? Implementing the low-level hardware interface for the encoder-less UGV.

??????? Developing the foundational Visual-SLAM and sensor fusion approach that the team later refined to achieve the core application.

    ? Proud Moment: Receiving the Certification of Appreciation from U R Rao Satellite Centre (URSC), ISRO for my role as a co-author in this defense-grade research.

    A huge congratulations to the entire team for pushing this project across the finish line.

#Robotics #Research #ISRO #DRDO #ROS2 #ComputerVision #VSLAM #AutonomousSystems #Engineering #Innovation #CSIR #NAL #Teamwork #ResearchPaper #Publications #Conference #ARMS2025  ",https://media.licdn.com/dms/document/media/v2/D561FAQG42vFnw6rULA/feedshare-document-url-metadata-scrapper-pdf/B56ZqrJN5FG4A8-/0/1763807914269?e=1769576400&v=beta&t=uJNy4zTzLSaNj7SBJos7m6NrlxNyKVG6XogDHVZZQxE
"You uploaded a document on November 16, 2025 at 4:03 AM (GMT)", -,https://media.licdn.com/dms/image/v2/D562DAQGuu0hPi_EFqg/profile-treasury-document-cover-images_1920/B56ZqK1L8FHkBM-/0/1763265791674?e=1769576400&v=beta&t=ghidDC24VLDwJfcjE41sWRraMO1wN2BsQtciVTj3vDA
"You uploaded a feed photo on November 5, 2025 at 7:26 PM (GMT)","Stop scrolling if you are trying to learn ROS 2 ? I finally found the answer to the question that?s filled my DMs for months.

I've been on my own journey through ROS 2 Humble for a while now, and if you're a builder, you know the documentation alone can feel like navigating a maze. I was constantly asked: ""Where is the best video tutorial for a beginner?""

Well, after diving in myself, I have an answer: the ROS 2 Humble Tutorial Series on the official DigiKey YouTube channel, led by the brilliant Shawn Hymel.

This isn't just another quick recommendation?I?m currently halfway through the series where its now on C++ services section (that?s the 6th and latest video as of now), and I'm genuinely impressed. While there are other great resources out there, this series stands out for its clarity and depth.

What makes this series a game-changer (even for those who've started before):

? Dual-Language Superpower: Shawn teaches every core concept (Nodes, Topics, Services, etc.) first in Python and then immediately transitions to C++. This dual focus is a genuine lifesaver for grasping both the logic and the performance-critical application and helps in grasping quickly by comparing each other.

? The Clarity Factor: It successfully bridges the huge gap between the official ROS 2 documentation and practical, clean code. The presentation style gives clarity that I often felt was missing when I started, The documentation is great(I am someone who learned through that), still there are times that you feel like there should be some fillers in between to understand it much better and this bridges that too.

? Real-World Learning: Even using different distributions (I'm on Humble, Shawn is on Jazzy), the minor versioning issues we encounter (like a missing command) are, surprisingly, excellent training for real-world debugging. 

? More Than Just ROS 2: When you check the channel, you'll see this series is just one part of their wider, incredibly useful playlist?a true treasure trove of embedded systems content.

Its good if you have a little knowledge in programming to start, but even if that's a problem you can still bridge that gap using generative AI parallelly to learn nowadays with spending a little more time.

I'm incredibly excited to see what the next videos in the series cover, and I highly recommend this as the go-to video resource for anyone looking to build a career in robotics?whether you?re a beginner or need a solid foundation review.

Checkout the video series: https://bit.ly/49B0uqM

There are other great resources too, but personally this is a good one from me by experience. But thanks to other creators too for their valuable contents.

A huge thank you and shoutout to Shawn Hymel and the DigiKey team for pouring so much effort into creating this invaluable resource. 

#ROS2 #Robotics #EmbeddedSystems #CPP #Python #DigiKey #ShawnHymel #Learning #TechTutorial #Engineering #Automation #OpenSourceRobotics
#OpenRobotics",
"You uploaded a feed photo on November 5, 2025 at 7:26 PM (GMT)", -,https://media.licdn.com/dms/image/v2/D5622AQENdd9YieT4yQ/feedshare-shrink_20/B56ZpVfA8NI8A0-/0/1762370790086?e=1770854400&v=beta&t=iF-8FzHxUzSA8Pvuy9G0CXyMn37-lI0v9fOdX1icbLw
"You uploaded a feed photo on November 5, 2025 at 7:26 PM (GMT)", -,https://media.licdn.com/dms/image/v2/D5622AQGYzRwnkBvsdQ/feedshare-shrink_1280/B56ZpVfA8EIYAs-/0/1762370787269?e=1770854400&v=beta&t=PjsuXqeEdxN_BZMrg9xydvvoU1XyW3TACe3joEzrz0A
"You uploaded a feed photo on November 5, 2025 at 7:26 PM (GMT)", -,https://media.licdn.com/dms/image/v2/D5622AQGshJ1mvj2sng/feedshare-shrink_2048_1536/B56ZpVfA8GIcAw-/0/1762370789258?e=1770854400&v=beta&t=y5mfxRW7yPVysLKWGppdeck34W7NWS98H4b4t_q4dFY
"You uploaded a feed photo on November 5, 2025 at 7:26 PM (GMT)", -,https://media.licdn.com/dms/image/v2/D5622AQG6-P--rUUskA/feedshare-shrink_2048_1536/B56ZpVfA8EHIAw-/0/1762370787415?e=1770854400&v=beta&t=gG2f6ZnrAgXgD-CeWlO6PpKM02a-LA1l1n-ehqy9QL0
"You uploaded a feed photo on November 5, 2025 at 7:26 PM (GMT)", -,https://media.licdn.com/dms/image/v2/D5622AQGYa-ksQ2rM2Q/feedshare-shrink_2048_1536/B56ZpVfA8hH8A0-/0/1762370788539?e=1770854400&v=beta&t=do3aScTbZdKJmHzZOvN_WXRG9-MDQq6Va3ydZ0WMpWo
"You uploaded a feed photo on November 5, 2025 at 7:26 PM (GMT)", -,https://media.licdn.com/dms/image/v2/D5622AQE9RNTAcYOnJg/feedshare-shrink_480/B56ZpVfA8GJYAY-/0/1762370788445?e=1770854400&v=beta&t=GIDq8czKxjDHTzbeDF_TCv2esZR2H5VNTh0IVLdRKBU
"You uploaded a feed photo on November 5, 2025 at 7:26 PM (GMT)", -,https://media.licdn.com/dms/image/v2/D5622AQEEZKcBy6fI1g/feedshare-shrink_20/B56ZpVfA8BJsA0-/0/1762370786778?e=1770854400&v=beta&t=q0WjewdtdQIcjhhp0lFo5R7YayWZa7lyARVBxE1Qj34
"You uploaded a feed photo on November 5, 2025 at 7:26 PM (GMT)", -,https://media.licdn.com/dms/image/v2/D5622AQETjn0Po9YytA/feedshare-shrink_480/B56ZpVfA74KEAY-/0/1762370788078?e=1770854400&v=beta&t=A6qZCpKb_TjFnYPul0rz-F1mIQlQ4ic4HCesT_N-IKw
"You uploaded a photo on November 4, 2025 at 10:43 AM (GMT)", -,https://media.licdn.com/dms/image/v2/D562DAQEWGB6tICLTCQ/profile-treasury-image-shrink_8192_8192/B56ZpOdogYG0Ag-/0/1762252983376?e=1769576400&v=beta&t=bYkwLcJp1o6zO4wgWZ3FgOPVcA2A6CLVmBc9Tcnu5iw
"You uploaded a photo on October 28, 2025 at 8:00 PM (GMT)", -,https://media.licdn.com/dms/image/v2/D562DAQGCgs8KEqWS8g/profile-treasury-image-shrink_8192_8192/B56ZosaK_tJYAg-/0/1761681658223?e=1769576400&v=beta&t=1VnZgEQMoiZ2fj7k8xhC-_nZGq4jV1U0B9pmE8OTQmE
"You uploaded a photo on October 28, 2025 at 6:45 AM (GMT)", -,https://media.licdn.com/dms/image/v2/D562DAQFIDdGIWv1dMQ/profile-treasury-image-shrink_8192_8192/B56ZopkNLsIcAg-/0/1761633958485?e=1769576400&v=beta&t=r2hskwvjCiMm5ZxXEW4iF968WPzWmFkgaGVR3H2bL9s
"You uploaded a photo on October 28, 2025 at 6:44 AM (GMT)", -,https://media.licdn.com/dms/image/v2/D562DAQF6PKCYBf3Krw/profile-treasury-image-shrink_8192_8192/B56Zopjy7uG4Ag-/0/1761633920300?e=1769576400&v=beta&t=f9b3G72q-HGninOdFPSxkLT7jqZ860-nY_8WLPu5h_4
"You uploaded a feed photo on October 25, 2025 at 5:39 AM (GMT)","Beyond the final rank, the real trophy from BAJA SAEINDIA is the deep engineering experience. For my network of developers and roboticists, I wanted to share the core technical architecture that our team, Team Equinox, built to bring our autonomous vehicle to life.

My role was leading the Autonomous Systems Integration, the incredible challenge of bridging the high-level world of ROS 2 with the low-level reality of our vehicle's hardware. This was a journey in making two different worlds speak the same language.

Our entire system was architected around a central NVIDIA Jetson by Tanna TechBiz LLP running ROS 2 and connected to a Kvaser AB dual channel CAN adapter to interface it directly to the CAN network communicating with five distributed Arduino UNO R4 Minima microcontrollers over a robust CAN bus network. Each Arduino served as a dedicated, real-time ""muscle controller"" for a specific task (Startup, Dashboard, Throttle, Brakes, Steering).

This was a true team effort, and I was the fortunate integrator connecting the brilliant work of two major sub-teams:

First, the low-level Electrical Team, led by Naveen Shaji George and Muhammed Ajmal K with their incredible crew. They were the masters of the physical layer, designing the PCBs, building the complex wiring harness, and patiently debugging every circuit with me. Their work was the foundation everything was built on. When a relay fired unexpectedly or a sensor gave a noisy reading, they were the ones who found the solution in the hardware.

Second, the high-level Autonomous Software Team, led by ASHISH SHAJAN and Tomin Michael. They were the masters of the ""brain,"" developing the perception and control algorithms in ROS 2. They gave me the high-level commands?the ""what to do.""

My job was to build the ""how."" This involved architecting the CAN protocol, writing the firmware for the Arduino nodes, and developing the central C++ ROS 2 can_interface node that acted as the real-time translator between the two worlds. The challenge was immense, from solving CAN bus arbitration conflicts to tuning PD controllers for our actuators and designing safety-critical state machines to pass the rigorous Technical Inspections.

The interface node includes converting the Starkenn Technologies Radar encoded CAN data to ROS messages through the DBC file. 

This experience was a profound lesson in how crucial the role of a systems integrator is. It's about understanding both the hardware and software worlds deeply enough to make them work together seamlessly. A massive thank you to both teams and many others who worked behind the scenes, for their collaboration, patience, and expertise. We built this together. 

#BAJASAEINDIA #SystemsIntegration #CANbus #EmbeddedSystems #ROS2 #DriveByWire #ECU #ControlSystems #StateMachines #NVIDIAJetson #Arduino #Teamwork #Leadership #AutomotiveEngineering",
"You uploaded a feed photo on October 25, 2025 at 5:39 AM (GMT)", -,https://media.licdn.com/dms/image/v2/D5622AQHozymQ8mdP6w/feedshare-shrink_800/B56ZoZ4NwTIYAg-/0/1761370763750?e=1770854400&v=beta&t=9UGPmK8Ce6BDCxMj_Ii8uxf2MiIxShD-w5CRSa6WPFQ
"You uploaded a feed photo on October 25, 2025 at 5:39 AM (GMT)", -,https://media.licdn.com/dms/image/v2/D5622AQHmbQO4UMK4aw/feedshare-shrink_20/B56ZoZ4NwTI4A0-/0/1761370768023?e=1770854400&v=beta&t=7v1CjRx10ystZLaDXaLgo8pOxgwpAbl1Z2q-_g2Fk-8
"You uploaded a feed photo on October 25, 2025 at 5:39 AM (GMT)", -,https://media.licdn.com/dms/image/v2/D5622AQFfI5WzkeBAzA/feedshare-shrink_20/B56ZoZ4NwSG4A0-/0/1761370760387?e=1770854400&v=beta&t=zFjnAgisTGChfLmqwOo2Vr9vQnnkDWUeXf8Cpcc73QI
"You uploaded a feed photo on October 25, 2025 at 5:39 AM (GMT)", -,https://media.licdn.com/dms/image/v2/D5622AQG0dXSifyUBPw/feedshare-shrink_1280/B56ZoZ4NwGJsAs-/0/1761370759699?e=1770854400&v=beta&t=QNIkMHvMt01D12qyUfxXLrGTdLTr5wdGEeXrIiTnnrI
"You uploaded a feed photo on October 25, 2025 at 5:39 AM (GMT)", -,https://media.licdn.com/dms/image/v2/D5622AQHVXf7ZOOky8w/feedshare-shrink_160/B56ZoZ4Nv5IcAc-/0/1761370760020?e=1770854400&v=beta&t=sVWsTxXRez282HRS50I-Vjzer20BAyU6DNSt5nIcwu8
"You uploaded a feed photo on October 25, 2025 at 5:39 AM (GMT)", -,https://media.licdn.com/dms/image/v2/D5622AQHa2s7o0oZtOA/feedshare-shrink_800/B56ZoZ4NvjI0Ak-/0/1761370759962?e=1770854400&v=beta&t=tNQwrJqNY8_3bcvmKVyyzKz1xBfIvnTy7zDcQbMETP4
"You uploaded a feed document on October 13, 2025 at 6:39 AM (GMT)","It's been a month of intense focus and near radio silence, and now I can finally share the incredible story. This wasn't just a project; it was a year-long odyssey into the heart of real-world automotive engineering, culminating in a week of immense pressure and profound learning at BAJA SAEINDIA 2025.

I am unbelievably proud to announce that our new team, Team Equinox, has achieved an All India Rank of 7th and secured the 2nd position among all teams from Kerala!

Breaking into the Top 10 nationally on our first attempt is a monumental achievement, but the true victory was forged in the inspection bays. Over three grueling days, our vehicle was put to the ultimate test, and we passed every single one: mKit, eKit, aKit, and all six of the formidable Autonomous TI checks. This accomplishment is a direct testament to the thousands of hours our team poured into building a vehicle that is not just innovative, but fundamentally safe and robust.

Our journey through the three phases of this competition?from preliminary designs and simulations to the final track-side execution?was a masterclass. We excelled in the concept and presentation stages, proving the strength of our engineering design. However, the track itself is the final, unforgiving judge. We faced challenges that can never be simulated: a damaged camera cable moments before our Traffic Sign/Light Detection event, a CAN bus conflict that hampered our Autonomous Emergency Braking run, and the sheer pressure of debugging a complex distributed system against the clock. These weren't failures; they were the most valuable, high-stakes lessons an engineer could ask for.

This entire endeavor would have been impossible without two key pillars: our mentor and our team.

An immense congratulations and our deepest gratitude to our faculty advisor, Er. LEVIN ROBY ABRAHAM, whose unconditional support and guidance were our foundation. His dedication was recognized on a national stage as he was honored with the prestigious Dronacharya Award for the All India Best Faculty Advisor. Sir, this achievement is as much yours as it is ours.

And to the heart and soul of this mission, Team Equinox:
Our dear Captain Ahalya Nair, Vice Captain Shawn Anish Chirappuram, Autonomous head ASHISH SHAJAN,  Electrical Head Naveen Shaji George, Mechanical Head Mervin Mathew, Manager Muhammed Ajmal K, driver Asher James, Ihesanul Haq, Mathew George Chunkathil, Thampu Varghese Jacob, Shreya Ann Alexander, Aryananda Ashok, Benoni K Binoy, Tomin Michael, Alen Joe Abey, Alen Thomas Saji, Nandana Sreekumar, Aswan A S, Dhanush G, Emil Phil Vinod, Rohith, Jithin Shaji, Jithin Jayakumar, Krishna Malliath, Neha, Jane Sara Reji and Jiji Abraham Issac.

Thank you. For every line of code, every soldered joint, every late night, and every moment of shared belief.

#BAJASAEINDIA #SAEINDIA #TeamEquinox #AIR7 #Top10 #DronacharyaAward #ElectricVehicle #StudentCompetition #Engineering #Teamwork #Automotive #Perseverance #ROS #CANbus #Kerala",https://media.licdn.com/dms/document/media/v2/D561FAQFPIxGZQEl0Ag/feedshare-document-sanitized-pdf/B56ZncS2sCHUA8-/0/1760337612004?e=1769576400&v=beta&t=YdvKxwRYre1akqj5F4v3hUhemdSQyPa3zhzbiNnMqlw
"You uploaded a feed document on September 5, 2025 at 9:30 AM (GMT)", -,https://media.licdn.com/dms/document/media/v2/D561FAQEnXxO0YDhq1A/feedshare-document-chunked-pdf/B56ZkZNuyDHMB4-/0/1757064656417?e=1769576400&v=beta&t=pxARMpYaLI6DRD9McooBFP7aEV1VLAWQli5tXhB3Yqw
"You uploaded a feed photo on September 4, 2025 at 4:14 PM (GMT)","Absolutely thrilled and deeply honored to share a monumental milestone for our team at Saintgits College of Engineering (Autonomous).

I'm incredibly proud to have been a part of the foundational student team for the newly inaugurated Taiwan-India Integrated Command and Control Centre for Sustainable Smart Cities. This groundbreaking initiative, in collaboration with the brilliant minds at National Chung Cheng University, Taiwan, marks the launch of the world's first cross-nation federated AI learning platform.

Our role was to build the critical IoT infrastructure that feeds this powerful AI system with real-world environmental data.
Our team was responsible for designing, building, and deploying prototypes of comprehensive stations(nodes) to measure data for air quality, water quality, salinity etc under the charge of our faculty mentors NISHANTH P R and Jyothish Chandran G.

I'm particularly proud of my role in co-ordinating and architecting the end-to-end data pipeline, moving data from sensors to screen. We built a robust system using ESP32 microcontrollers, publishing data via MQTT for real-time efficiency, and channeling it through a Python service into a MySQL database. This data is now served via a custom Flask API to a live dashboard, providing a complete, scalable solution. It was a masterclass in system design and integration. 

This achievement was only possible through immense collaboration and guidance.

Profound gratitude to Professor Pao-Ann Hsiung of CCU, Dr. Yang Lung-Jieh, and the entire delegation from the Taipei Economic and Cultural Center in India for their vision and for entrusting us with this opportunity.

And of course, this would have been impossible without my incredible teammates: Sidharth Sajith, Govind Krishna C and Tharun Oommen Jacob who worked on creating the database, server as well as the dashboards for the entire system to show the data live from the prototype nodes, Nakul Krishna Ajayan, Abin Abraham, Abhishek P J and Tom Toms for helping out with the air quality node, Rishikesh R and Elena Elizabeth Cherian who worked on the Water level and salinity monitoring Node and Emil Phil Vinod who worked on the Drinking Water quality monitoring Node. 

Again a big thanks on guiding us on this Nishant sir and Jyothish sir as well as many other faculties who were incharge, Dr. Pradeep Chandrasekhar, thank you sir.

Anyway happy to be a part till now and and excited on contributing to this more on the future.

This project was more than just code and circuits; it was a profound lesson in international collaboration, system architecture, and the future of smart city technology. Excited to see how this platform evolves and contributes to cutting-edge AI research.

Facebook Post:
https://lnkd.in/gq26bGcZ

#IoT #SmartCities #AI #FederatedLearning #TaiwanIndiaCollaboration #MQTT #MySQL #ESP32 #Python #Engineering #Saintgits #CCU #MakeInIndia #DigitalIndia #TeamManagment",
"You uploaded a feed photo on September 4, 2025 at 4:14 PM (GMT)", -,https://media.licdn.com/dms/image/v2/D5622AQFYA8GQpyL0Ew/feedshare-shrink_20/B56ZkVgiF3IABI-/0/1757002476369?e=1770854400&v=beta&t=HtPtlIKbzJqgzyUPzj-MrJ9ZyHQ6eIDyF9IBQGzImDw
"You uploaded a feed photo on September 4, 2025 at 4:14 PM (GMT)", -,https://media.licdn.com/dms/image/v2/D5622AQHND-_fTz-GYA/feedshare-shrink_800/B56ZkVgiFvH8A0-/0/1757002476785?e=1770854400&v=beta&t=7-Q6wvdmFZ0tQhMv44MXJ0UQf2k5XO64EKPGjbbVlZA
"You uploaded a feed photo on September 4, 2025 at 4:14 PM (GMT)", -,https://media.licdn.com/dms/image/v2/D5622AQE1EJVHKcxr_A/feedshare-shrink_800/B56ZkVgiF3H8Ag-/0/1757002475173?e=1770854400&v=beta&t=Ir_RXEcGYaQeqYNWirEN16vrwMr8f4hVEmGMgukP4rk
"You uploaded a feed photo on September 4, 2025 at 4:14 PM (GMT)", -,https://media.licdn.com/dms/image/v2/D5622AQGwfqFnHSkrIA/feedshare-shrink_800/B56ZkVgiFjIAAk-/0/1757002475332?e=1770854400&v=beta&t=pliAZQdTSeAngZled0S6RP1fVAMvEgDDyISKdWyLRvE
"You uploaded a feed photo on August 31, 2025 at 4:50 AM (GMT)","For anyone working with low-cost Mecanum-wheeled robots, accurate odometry without wheel encoders is a significant challenge. Standard kinematic models often fail to account for the real-world dynamics of continuous rotation servos, leading to severe drift.

To address this, I'm open-sourcing the complete ROS 2 Humble software stack for ""Project Orion,"" a UGV I developed. This repository provides a working solution for robust localization on this challenging hardware.

GitHub Repository: https://lnkd.in/gEzjGPmv

Key Technical Features:
? Encoder-less Odometry: A forward_kinematics node that generates a stable wheel odometry stream purely from calibrated servo commands.
? State-Based Kinematic Calibration (SBKC): Includes the scripts and methodology we developed to tune the kinematic model for asymmetric drive mechanics (forward vs. strafing vs. rotation), significantly reducing open-loop drift.
? High-Fidelity URDF: A detailed XACRO-based robot model, including a kinematically correct pan-tilt mechanism and properly defined sensor frames (REP-103 compliant) for the HP60C RGB-D camera and IMU.
? Full Hardware Pipeline: Includes a complete, multi-tiered architecture for interfacing ROS 2 on an Orin Nano with a Teensy/Arduino for real-time control and sensor processing.

This project is for robotics students, hobbyists, and researchers who are building similar encoder-less Mecanum platforms and need a solid foundation for control and SLAM.

This work was developed as part of my internship at CSIR - National Aerospace Laboratories (NAL). Huge thanks to my collaborator Adithya Satheesh, who was instrumental in developing the 3D models and providing invaluable support throughout the project.

Feedback and contributions are welcome.

#ROS2 #Robotics #Mecanum #SLAM #Odometry #OpenSource #URDF #Jetson #Engineering",
"You uploaded a feed photo on August 31, 2025 at 4:50 AM (GMT)", -,https://media.licdn.com/dms/image/v2/D5622AQHD_uODFX1fwA/feedshare-shrink_800/B56Zj.drrSG0Ak-/0/1756615852205?e=1770854400&v=beta&t=yf7SRU8vaRXPZVdaDxVKLA40qM3B9v0AlMXuWGrOHyk
"You uploaded a feed photo on August 31, 2025 at 4:50 AM (GMT)", -,https://media.licdn.com/dms/image/v2/D5622AQH656hehCSedg/feedshare-shrink_480/B56Zj.drqBG4AY-/0/1756615851700?e=1770854400&v=beta&t=1TOHwebEgOiC_2lsAZswF33PkYc7UATNapvFxXdLu-A
"You uploaded a feed photo on August 4, 2025 at 6:19 PM (GMT)","The spec sheet for a device like the NVIDIA Jetson Orin Nano only tells half the story. To see what it's really capable of, We ran a series of CPU benchmarks across its different power profiles. We wanted to see the real numbers behind the marketing, and the results are telling.

The method was straightforward: use nvpmodel to select a power profile, jetson_clocks to lock the frequencies for that mode, and sysbench to run a 6-thread prime number calculation. Live stats were monitored with jtop.

Here's a direct comparison of the three key modes:

25W Mode: This is the default high-performance profile. It locks the CPU at 1.34 GHz and gives the GPU maximum priority. This scored 3448 events per second.
(Which is really interesting cause its supposed to be at 1.7GHz as I tested and confirmed with another Orin nano before. 
Any clues on why, maybe some config file bug or something else entirely.)

15W Mode: Interestingly, this lower power mode produced a higher CPU score of 3843 events per second. The jetson_clocks output shows why: it allocates less power to the GPU, allowing the CPU to lock in at a faster 1.5 GHz.
(Which is expected ofc)

MAXN_SUPER Mode: This is the unconstrained, ""max-effort"" mode. It removes the official wattage limit entirely. The result was a big performance increase, scoring 4437 events per second.
The most important finding came from running jtop in MAXN mode. The Orin Nano CPU pushed past its official 1.5 GHz specification, holding a completely stable 1.7 GHz on all six cores under full load. Total system power draw was a modest 11.1W for this CPU-only test, and the CPU temperature stayed at a healthy 71C. Plus the GPU was 1.02Ghz which is the max we found out.

And the last power mode which is 7W. which shows a 960MHz clock speed for only 4 active cores.(Which is the lowest anyway).

Thank You to my friend Sidharth Sajith for helping me test this out and made me familiar with many of the keywords here. 

Conclusion: The Jetson Orin Nano is an impressive piece of hardware with smart power management. The ""best"" mode really depends on your work. For a GPU-heavy AI task, the 25W profile is the way to go. But for CPU-bound work like compiling code, the 15W mode actually provides a faster CPU clock. And for short bursts, the MAXN mode shows what the silicon is truly capable of.

#NVIDIA #Jetson #OrinNano #EdgeAI #EmbeddedSystems #Linux #Benchmarking #PerformanceTuning #CPUTest",
"You uploaded a feed photo on August 4, 2025 at 6:19 PM (GMT)", -,https://media.licdn.com/dms/image/v2/D5622AQG0XdcNBISfuA/feedshare-shrink_800/B56Zh2T1elH0Ao-/0/1754331569192?e=1770854400&v=beta&t=vnIylA-jZmO6G8PEbQSQjf_JOJqfGhFZPLW_SHbrgK0
"You uploaded a feed photo on August 4, 2025 at 6:19 PM (GMT)", -,https://media.licdn.com/dms/image/v2/D5622AQEX0ejf88fxeg/feedshare-shrink_160/B56Zh2T1emG4Ac-/0/1754331570327?e=1770854400&v=beta&t=mUHtKWjlkQx-hRNiNc4QsfNRniQBDtl_PeMp1npKv1A
"You uploaded a feed photo on August 4, 2025 at 6:19 PM (GMT)", -,https://media.licdn.com/dms/image/v2/D5622AQHw8A0QToKgqg/feedshare-shrink_160/B56Zh2T1eiHkAk-/0/1754331580132?e=1770854400&v=beta&t=1Lz0l_KjNPrgRLDOMYh1IrY-gDZ_iw0M7MiIdQNwr8o
"You uploaded a feed photo on August 4, 2025 at 6:19 PM (GMT)", -,https://media.licdn.com/dms/image/v2/D5622AQG0cwBqbBHzwQ/feedshare-shrink_20/B56Zh2T1egHcA4-/0/1754331569256?e=1770854400&v=beta&t=ON0Tv9IrYwASY-jkeV8zeww-GqyvsszsvMD3Y3KaXCc
"You uploaded a feed photo on August 4, 2025 at 6:19 PM (GMT)", -,https://media.licdn.com/dms/image/v2/D5622AQGRFuAwK7JUtQ/feedshare-shrink_160/B56Zh2T1eiHcAg-/0/1754331569145?e=1770854400&v=beta&t=Ujjcj6H2ONG2wLDGjf_EjiU4dcRjo0uLtnRRa1Nw2fM
"You uploaded a feed photo on August 4, 2025 at 6:19 PM (GMT)", -,https://media.licdn.com/dms/image/v2/D5622AQGsm16H3SuZrg/feedshare-shrink_1280/B56Zh2T1ehHkAo-/0/1754331569123?e=1770854400&v=beta&t=WC9Rmd9wb0E0QiyMNWyAZ3I4DPb_ofeF6axV7XSYDyQ
"You uploaded a feed document on August 1, 2025 at 3:06 PM (GMT)","Successfully completed my 60-day robotics internship at CSIR - National Aerospace Laboratories (NAL).

I'm thrilled to share that I've concluded my internship at CSIR-NAL, where I had the incredible opportunity to work on developing a full-stack autonomous navigation system for an inspection UGV.

Over the past two months, I dove deep into the ROS 2 ecosystem on an NVIDIA Jetson Orin Nano, tackling real-world robotics challenges from the ground up. My primary contribution was architecting and validating a robust localization and mapping (SLAM) solution for a challenging encoder-less Mecanum-wheeled platform.

Key Achievements & Skills:

? Sensor Fusion: Designed and implemented an Extended Kalman Filter (EKF) to robustly fuse data from an RGB-D camera (VIO), a 9-DOF IMU, and a custom kinematic odometry model.

? System Debugging & Calibration: Performed in-depth system characterization, including developing a State-Based Kinematic Calibration (SBKC) to overcome motor asymmetries and solving complex hardware driver and sensor instability issues.

? Comparative Analysis: Conducted a rigorous experimental study to quantitatively prove that our EKF-fused system reduced odometry error by over 90% compared to a baseline VIO-only approach.

? ROS 2 & Digital Twinning: Created a high-fidelity URDF model and developed a full software stack including custom nodes for control, odometry, and hardware interfacing.

This entire experience has been a masterclass in robotics engineering, from low-level firmware to high-level SLAM. I'm immensely grateful to my mentors at NAL, Augustin M.J. and Adithya Satheesh, for their invaluable guidance and support. A huge thank you to my colleagues Nidhi N, Sreyas and Karthik for the fantastic collaboration.

I'm excited to apply these skills to future challenges in autonomous systems!

Seriously learned a lot, in 2 months I got to experience, real world experience on how an industry works and how to build or R&D for an industry, more than what the past 2 years have shown me. Thanks a lot Saintgits College of Engineering (Autonomous) for supporting me on this endeavor. 

#Robotics #SLAM #ROS2 #SensorFusion #EKF #AutonomousNavigation #Internship #NAL #Jetson #Engineering #VSLAM",https://media.licdn.com/dms/document/media/v2/D561FAQEzMZdjvio3dg/feedshare-document-sanitized-pdf/B56ZhmLAq2G0A8-/0/1754060825741?e=1769576400&v=beta&t=jvVqYLh9XTkuLJhB_lYh0ktYDh4tr_wYbKEomJbBfVw
"You uploaded a feed document on August 1, 2025 at 3:06 PM (GMT)", -,https://media.licdn.com/dms/document/media/v2/D561FAQHSHlYOkNm1nQ/feedshare-document-url-metadata-scrapper-pdf/B56ZhmK5MqH0A0-/0/1754060792087?e=1769576400&v=beta&t=x7omqNhDcdiZxQMmCKnx5O2hnNEFiaRi52zKiGWuYrw
"You uploaded a photo on July 8, 2025 at 3:14 PM (GMT)", -,https://media.licdn.com/dms/image/v2/D562DAQFc-RdcnC5TVA/profile-treasury-image-shrink_1920_1920/B56Zfqmd_NH8Ac-/0/1751987643374?e=1769576400&v=beta&t=11X00FYcoZYqBoemQC2q8TXebU7Gc0ZR8RrxRv3RVSo
"You uploaded a photo on July 8, 2025 at 3:07 PM (GMT)", -,https://media.licdn.com/dms/image/v2/D562DAQHjvMx1zX40gA/profile-treasury-image-shrink_8192_8192/B56Zfqk.dRHUAk-/0/1751987253221?e=1769576400&v=beta&t=fW_ew3uQXQsE-zibSmXkU0mhH34dKXVGa2c-RKdQQTI
"You uploaded a photo on July 8, 2025 at 3:06 PM (GMT)", -,https://media.licdn.com/dms/image/v2/D562DAQFC8tiGoEEUvQ/profile-treasury-image-shrink_8192_8192/B56ZfqkzgmH8Ag-/0/1751987208542?e=1769576400&v=beta&t=0uPcS2xFoYcyi-bBQudbdT5kDFKiFIqT0QIY8lLjie8
"You uploaded a photo on July 8, 2025 at 2:55 PM (GMT)", -,https://media.licdn.com/dms/image/v2/D562DAQEhK0VGY4OXsA/profile-treasury-image-shrink_1920_1920/B56ZfqiRp4HQAc-/0/1751986544513?e=1769576400&v=beta&t=1hv9Y6da0Zbj3fjMuM67wC-bgsUfL-ldKItPMzfjU2Q
"You uploaded a photo on July 7, 2025 at 7:55 PM (GMT)", -,https://media.licdn.com/dms/image/v2/D562DAQE9sOXcQSTM9Q/profile-treasury-image-shrink_1920_1920/B56ZfmdZLcHQAg-/0/1751918155972?e=1769576400&v=beta&t=3rEjx7yh47gG9vwAxsDWPvePl80zRRGOqpToxDRBXmo
"You uploaded a feed photo on July 6, 2025 at 4:31 PM (GMT)","Why Our VSLAM Failed, and Why It's Our Biggest Success Yet

Over the past few sessions, I?ve been deep-diving into Visual-Inertial SLAM for our autonomous UGV, Project Orion. The mission: use an RGB-D camera and IMU to map and navigate an unknown environment. Our tool of choice: RTAB-Map in ROS 2.

To truly understand the limitations, we decided to stress-test the system in pure simulation ? no wheel encoders, no GPS, no depth fallback ? just visual-inertial odometry (VIO). And that?s where things got interesting.


---

? The Experiment

We isolated RTAB-Map's internal VIO for motion tracking. After days of tuning parameters, QoS settings, and TF frames, we finally had it running in Gazebo.


---

? The Outcome (""Failure"")

VIO turned out to be incredibly fragile in simulation.
Fast rotations, sudden moves, or low-texture areas? Boom ? ""Registration Failed"".

Sometimes it recovered. But with each failure, drift accumulated.
The real kicker: after exploring the whole map, the robot returned to its starting point ? the visual system recognized it, but the backend rejected every loop closure.

Why? Because the odometry error had grown over 150x beyond acceptable limits. Closing the loop would have resulted in a broken, physically impossible map.


---

? The Insight (""Success"")

This was actually the perfect failure. It confirmed something critical:
No amount of SLAM tuning can compensate for poor odometry ? especially when your only input is simulated VIO in an artificial, low-feature world.


---

? Real World > Simulation?

We strongly believe this fragility is amplified by the limitations of simulation. Real-world data ? with actual sensor noise, better lighting variety, richer textures ? could yield much more stable VIO performance.

Still, the lesson is clear:
The path forward lies in sensor fusion.


---

?? Our Next Move

We're building a robust odometry pipeline using an EKF, fusing:

Fragile but accurate VIO

Stable but imprecise wheel odometry

Complementary IMU data


This will give us a resilient foundation to support higher-level SLAM and navigation tasks.


---

? Calling All Experts!

If you?ve tackled VSLAM in real-world robotics or fought through odometry drift, I?d love to hear:

How did you overcome loop closure issues?

Have you seen similar VIO fragility in simulation vs real-world?

Any tuning or sensor tricks you wish you knew earlier?

#Robotics #SLAM #VSLAM #RTABMap #ROS2 #AutonomousVehicles #Engineering #VisualOdometry #EKF #FailureIsLearning #ProjectOrion #BuildInPublic #TechLeadership #AI #ComputerVision",
"You uploaded a feed photo on July 6, 2025 at 4:31 PM (GMT)", -,https://media.licdn.com/dms/image/v2/D5622AQFZVo4zxZDDZA/feedshare-shrink_800/B56Zfgk8JbG0Ag-/0/1751819471835?e=1770854400&v=beta&t=yO4kptFrcjYzlwV8oUmqloS4fNPbDPtfa35yVG8b_8A
"You uploaded a feed photo on July 6, 2025 at 4:31 PM (GMT)", -,https://media.licdn.com/dms/image/v2/D5622AQG7bEYQI8ypBQ/feedshare-shrink_160/B56Zfgk8I3GoAc-/0/1751819470064?e=1770854400&v=beta&t=WoLCPGzgmJMor1C8risErs-it1_p7SD9gV-hQ3wu_kY
"You uploaded a feed photo on July 6, 2025 at 4:31 PM (GMT)", -,https://media.licdn.com/dms/image/v2/D5622AQEIxROzWjgvVw/feedshare-shrink_2048_1536/B56Zfgk8ISG0Ao-/0/1751819471477?e=1770854400&v=beta&t=q5gHF_C1ClutbUVJh3bzTlp9aC5LdAuMkWS7-F7r3Ws
"You uploaded a feed photo on June 22, 2025 at 3:12 PM (GMT)","I am really excited to get into the world of embedded AI with the NVIDIA Jetson Orin Nano (on an AverMedia carrier board with an external SSD) for the first time.

And I'm gearing up to deploy advanced robotics perception algorithms for our UGV project.

The Orin Nano module, designed for industrial applications, offers a significant leap in processing power and efficiency, critical for the complex, multi-sensor perception tasks and a lot more.

The week was all about getting this powerhouse set up ? flashing JetPack, installing ROS 2 Humble, and preparing the environment for some serious SLAM action with our YDLIDAR HP60C RGB-D camera. It's a steep learning curve, but incredibly exciting to see the potential unfold. 

Upgrading from Raspberry Pi to the Orin nano was exciting and as well as shown me how much powerful as well as power hungry the device really is. 

Big thanks to my mentor Adithya Satheesh for providing me with these opportunities to work with cutting edge technologies. Looking forward to pushing the boundaries of what we can achieve with this incredible piece of hardware! Stay tuned for more updates on our UGV's journey.

 #Robotics #AI #EmbeddedSystems #NVIDIAJetson #OrinNano #ROS2 #SLAM #LearningJourney #Innovation #UGV",https://media.licdn.com/dms/image/v2/D5622AQGEGfSB25jhIw/feedshare-shrink_160/B56ZeYMndjHQAk-/0/1750605154069?e=1770854400&v=beta&t=MnP2_QLO8emZpl7GtsJePQL8x7HqEdPml74kMpueOJI
"You uploaded a feed photo on June 18, 2025 at 7:21 PM (GMT)","From Chaos to Clarity: Building a Python Toolkit for Robust Computer Vision Datasets

Every great machine learning model is built on a foundation of great data. But in the real world, data is rarely clean, consistent, or balanced. I'm excited to share a project I developed to tackle this challenge head-on: a YOLO Dataset Toolkit.

This toolkit is a set of Python scripts designed to take on the ""janitorial"" work of data preparation, turning multiple, messy sources into a high-quality, training-ready dataset.

The Journey from Raw Data to a Perfect Training Set:

    The Challenge: We started by sourcing data from multiple public projects. Each came with its own structure, class names (stop vs. Red Light), and quality.

    The Problem: Simply combining these sources resulted in a severely imbalanced dataset, with some classes having 10x more images than others?a recipe for a biased model.

    The Solution: I built a configurable Python script that unifies the datasets. It uses a mapping file to standardize all class names and consolidate the data into a single, clean format.

    The Result: A perfectly balanced dataset, created by automatically under-sampling the majority classes. We went from a chaotic mix to a perfectly structured set, ready for training.

    The Extra Mile: To ensure quality, I even added an interactive OpenCV-based tool to let a human reviewer quickly spot-check images and flag any mislabeled data.

This project was a deep dive into the practical side of MLOps and data engineering. Building a solid data pipeline is a critical first step before any model training can begin, and I'm proud of the robust and reusable toolkit that came out of it.

The full toolkit is available on my GitHub for anyone to use or adapt!

https://lnkd.in/gCNgdf82

#DataEngineering #Python #ComputerVision #MachineLearning #DataScience #YOLO #DataPreprocessing #MLOps #Automation #GitHub #OpenSource #DataCleaning #DataEngineering #Python #ComputerVision #MachineLearning #DataScience #YOLO #DataPreprocessing #MLOps #Automation #GitHub #OpenSource #DataCleaning #DatasetBalancing #UnderSampling #OpenCV #DataQuality #DataPipeline #ModelTraining #AI #DeepLearning #ComputerVisionEngineering #MachineLearningEngineering #SoftwareDevelopment #Scripting #ProblemSolving #TechSolutions #RealWorldAI #PracticalML #DataDriven #RobustModels #BiasInAI #CleanData #MLWorkflows #ReproducibleAI #TechCommunity #Developers #Engineers #DataAnalytics #AICommunity #MLCommunity #YOLODataset #Toolkit #CustomTools #DatasetManagement #DataStrategy #CodeNewbie #Innovation #TechTrends #LinkedInForDevelopers",
"You uploaded a feed photo on June 18, 2025 at 7:21 PM (GMT)", -,https://media.licdn.com/dms/image/v2/D5622AQFctQpjvrd1Rg/feedshare-shrink_800/B56ZeEfOplG0Ak-/0/1750274469362?e=1770854400&v=beta&t=OanWkpGGKzT6llutnZs_wuZGJTJoT08AaxGMPgq8nRU
"You uploaded a feed photo on June 18, 2025 at 7:21 PM (GMT)", -,https://media.licdn.com/dms/image/v2/D5622AQEa92ofI8QBaw/feedshare-shrink_800/B56ZeEfOpDHoAk-/0/1750274469902?e=1770854400&v=beta&t=anzV1gORk7TCSO43kEIDwjmkjVRJQgSPBPPUXHc7VNo
"You uploaded a feed photo on June 18, 2025 at 7:21 PM (GMT)", -,https://media.licdn.com/dms/image/v2/D5622AQHBWPefmRt33g/feedshare-shrink_800/B56ZeEfOoEHQAg-/0/1750274471076?e=1770854400&v=beta&t=jy5xVoRuqMG3-9fwryUZcOEKpk0H-MyH8RqnoNeDPX4
"You uploaded a feed photo on June 18, 2025 at 7:21 PM (GMT)", -,https://media.licdn.com/dms/image/v2/D5622AQGbhADnUaESDw/feedshare-shrink_1280/B56ZeEfOoCHQAs-/0/1750274469714?e=1770854400&v=beta&t=wnMUwthmwEdR_9D-GMp6ID6L7f_NvEoD5kZn-FqNR5w
"You uploaded a photo on June 2, 2025 at 4:41 PM (GMT)", -,https://media.licdn.com/dms/image/v2/D562DAQHlujSSdw3nUQ/profile-treasury-image-shrink_8192_8192/B56ZcxhK24G0Ag-/0/1748882474457?e=1769576400&v=beta&t=SswsaBqjCyhcH21iqH3oFlxYKkRCWvZQtmkZVrX9-aw
"You uploaded a feed document on June 2, 2025 at 3:10 PM (GMT)","Internship at CSIR-NAL 

Kicking off an exciting new chapter in CSIR NAL Bengaluru! ?

I've commenced my 45-day internship at CSIR - National Aerospace Laboratories (NAL), within the Aerospace Composite Division (ACD). My first day was truly insightful and inspiring.

It was a privilege to delve into the world of composite materials in aerospace, witnessing advanced testing procedures, exploring cutting-edge labs, and meeting brilliant people who are at the forefront of innovation. I'm particularly excited to contribute to aerospace research and applications involving advanced composite materials, where I can explore automation and apply my robotics background.

A huge thank you to CSIR - National Aerospace Laboratories (NAL) for this incredible opportunity! I am particularly grateful to Augustin M.J. and I am particularly grateful for the invaluable mentorship and guidance provided by Adithya Satheesh  who also connected me with this incredible opportunity.

It's also great to embark on this journey alongside my friends and fellow interns, Nidhi N and Andrewjos Sebastian.

Looking forward to immersing myself in aerospace research, applying my robotics background to challenges within composite material applications and developing solutions that enhance aviation safety and efficiency. Excited for what the next 45 days hold!

#Internship #CSIRNAL #Aerospace #CompositeMaterials #Engineering #Research #NAL #ACD #StudentLife #LearningAndDevelopment #AerospaceEngineering #MaterialsScience #Innovation #Bengaluru #InternLife #EarlyCareer #TechInternship #Thankful #Robotics #Automation #AerospaceRobotics #AircraftDevelopment #FutureOfFlight #MadeInIndia",https://media.licdn.com/dms/document/media/v2/D561FAQFWaiQsWFvQ6Q/feedshare-document-chunked-pdf/B56ZcxMYYpHgBo-/0/1748877047641?e=1769576400&v=beta&t=p_eyjVXz5BhaRJgaHeBNj_YrahGwA-31djHHzgQg2ys
"You uploaded a feed document on June 2, 2025 at 2:46 PM (GMT)", -,https://media.licdn.com/dms/document/media/v2/D561FAQHWPfAiat7Ymw/feedshare-document-chunked-pdf/B56ZcxG1JuGoB0-/0/1748875594949?e=1769576400&v=beta&t=hWWBImuoRK6cLCi5RhXlgxUVjLNdAN8kfTOzYeIxRhA
"You uploaded a photo on May 27, 2025 at 9:28 AM (GMT)", -,https://media.licdn.com/dms/image/v2/D562DAQHLoWvgfDrCUA/profile-treasury-image-shrink_8192_8192/B56ZcREfweHoAk-/0/1748338083175?e=1769576400&v=beta&t=Py3MSm4jpJpSEJLgFdRZApmd8NmXzrEGzLLALp1XWRk
"You uploaded a photo on May 27, 2025 at 9:27 AM (GMT)", -,https://media.licdn.com/dms/image/v2/D562DAQHyEv6TcRcVMw/profile-treasury-image-shrink_8192_8192/B56ZcREZqzGsAg-/0/1748338057154?e=1769576400&v=beta&t=tk2wcMIbyYOlbqazqPVKSe8I-M8KKrhFqrXX-OoXNUA
"You uploaded a photo on May 27, 2025 at 9:27 AM (GMT)", -,https://media.licdn.com/dms/image/v2/D562DAQH02ow74xktXQ/profile-treasury-image-shrink_8192_8192/B56ZcRET51GsAo-/0/1748338035467?e=1769576400&v=beta&t=Hh_rQvOq6I4YenRTPugT46J98NyAsQ_kajeGR0uuRKc
"You uploaded a feed document on May 27, 2025 at 8:56 AM (GMT)","Aspire Leaders Program Completion

Completing the 2025 Aspire Leaders Program marks a pivotal point in my development. Selected as one of 5,463 finalists from over 26,000 applicants, this 40-hour program, evolving from an initiative founded by visionary leaders like Tarun Khanna and Karim Lakhani who were Harvard Business School faculty, has fundamentally sharpened my approach to leadership and innovation.

My journey through the Aspire Institute 's  rigorous curriculum yielded tangible skills:

 * Strategic Leadership: Gained robust frameworks for personal and professional growth, including strengths-based assessments and career resources co-created with Harvard Business School.

 * Problem-Solving & Project Innovation: Applied structured problem identification to a local community challenge (waste management), leading to the conceptualization and detailed planning of an innovative solution involving autonomous trash collection robots for environmental impact and behavioral change.

* Active Engagement: Beyond structured learning, engaging in thought-provoking discussions, like the Week 1 prompt on ""what it means to be a leader for human development,"" allowed me to actively apply concepts and deepen understanding.

 * Enhanced Capabilities: Emerged with increased self-confidence, sharpened critical thinking, and refined communication skills, fueling a strong desire to create social impact within a global community.

This experience was a unique opportunity to learn from Harvard faculty and collaborate with a diverse international cohort.

Looking forward to applying these advanced leadership and project development skills in my career as a Robotics Engineer, driving impactful solutions that bridge technology and community needs.

#ALP #AspireLeadersProgram
#AspireInspiresFirstGen
#LeadershipDevelopment #AspireLeadersProgram #AspireInstitute #HarvardUniversity #SocialImpact #FirstGenerationStudents #CareerGrowth #ProfessionalDevelopment #GlobalCommunity #RoboticsEngineer #ProblemSolving #CriticalThinking #Innovation #AutonomousRobots #EnvironmentalSolutions #ProjectManagement #HarvardBusinessSchool #SkillsForFuture #TechImpact #FutureLeaders #LeadershipDevelopment #AspireLeadersProgram #AspireInstitute #HarvardUniversity #SocialImpact #FirstGenerationStudents #CareerGrowth #ProfessionalDevelopment #GlobalCommunity #RoboticsEngineer #ProblemSolving #CriticalThinking #Innovation #AutonomousRobots #EnvironmentalSolutions #ProjectManagement #HarvardBusinessSchool #SkillsForFuture #TechImpact #FutureLeaders #AI #STEM #StudentSuccess #GlobalTalent #Entrepreneurship #PersonalGrowth #LearningAndDevelopment #ContinuousLearning #DigitalTransformation #TechCareers #ImpactfulLeadership #FutureOfWork",https://media.licdn.com/dms/document/media/v2/D561FAQHydOlsIcpb5w/feedshare-document-url-metadata-scrapper-pdf/B56ZcQ9YTXHEA8-/0/1748336222819?e=1769576400&v=beta&t=JvA5riKEgFQeGRRHz4embqgNm5Ttqva-Np8H1Rj48rc
"You uploaded a feed document on May 27, 2025 at 8:56 AM (GMT)", -,https://media.licdn.com/dms/document/media/v2/D561FAQH2C-aJpbwP7A/feedshare-document-sanitized-pdf/B56Zg2wfPrHQAE-/0/1753265338325?e=1769576400&v=beta&t=YeiRwfj1_Lyn5xfTy2zd6QJ2q1AlfoGVpEo83KsNZTw
"You uploaded a feed photo on May 23, 2025 at 9:45 PM (GMT)","When beta testing a global robotics framework, every single issue counts. For the new ROS 2 Kilted Kaiju release, my contributions just landed me in the top 3 testers worldwide, with 51 closed issues to my name. What an incredible journey! ?

The official release of the new ROS 2 distribution, Kilted Kaiju, on 23rd may is fantastic news for the robotics community. ?

I'm immensely proud to have participated extensively in the pre-release ""Tutorial Party"" testing event over the past couple of weeks. It was an intense and rewarding experience diving deep into the ROS 2 ecosystem on Windows.

Through this community effort, I was able to test and help validate numerous functionalities ? from core CLI tools, Python and C++ examples, to complex features like Quality of Service, Lifecycle management, SROS2 security, Composition, and Service Introspection with various RMW implementations (Fast DDS & CycloneDDS). This work directly involved identifying and reporting several bugs and setup issues, contributing significantly to the overall stability of the Kilted release.

It's truly humbling to see these efforts recognized, placing me 3rd among all the amazing contributors to the Kilted Tutorial Party! You can see the list in the image!

Link to the Discourse page: https://lnkd.in/gBCFU77v

This experience was my first significant dive into open-source contribution at this scale, and it has been invaluable. I've learned so much about the ROS 2 architecture, the testing process, debugging in different environments (especially Windows with Pixi), and the collaborative nature of the open-source community. A huge thank you to the ROS 2 maintainers like Alejandro Hern?ndez Cordero, Tully Foote, Yadunund Vijay, Michael Carroll, Katherine Scott  and all others involved in this and fellow testers like Jatin Vira and Marlvern Chimbwanda  for their guidance and feedback along the way!

Looking forward to leveraging these skills and continuing to contribute to the robotics community. Congratulations to the entire ROS 2 team and Open Robotics on the Kilted Kaiju release!

#ROS2 #KiltedKaiju #OpenSource #Robotics #SoftwareTesting #Contribution #Community #Windows #ROS #LearnInPublic #Achievement #Tech #Engineering #SoftwareDevelopment #Developer #Programming #Innovation #Automation #DDS #FastDDS #CycloneDDS #SROS2 #Debugging #ProblemSolver #TechSkills #CareerDevelopment #Impact #Milestone #FutureofWork #RoboticsEngineer #BetaTesting #GitHub",
"You uploaded a feed photo on May 23, 2025 at 9:44 PM (GMT)", -,https://media.licdn.com/dms/image/v2/D5622AQG97GLrDTVofw/feedshare-shrink_480/B56Zb_G0OhHwAc-/0/1748036700315?e=1770854400&v=beta&t=i8z_7FKz1W8lDJowkFuCUZwzsb-KyXxKiH7c19rDxfs
"You uploaded a feed photo on May 23, 2025 at 9:44 PM (GMT)", -,https://media.licdn.com/dms/image/v2/D5622AQHsJW09K6KQOA/feedshare-shrink_1280/B56Zb_G0OXHoAk-/0/1748036700477?e=1770854400&v=beta&t=dwHV8WauMR_Fth8ElU6VmG5Ch3XF3KpYnjYZB3Dt0LE
"You uploaded a photo on May 16, 2025 at 4:54 PM (GMT)", -,https://media.licdn.com/dms/image/v2/D562DAQF7SSXTgzGhgg/profile-treasury-image-shrink_1920_1920/B56ZbaBPegH4Ac-/0/1747414481711?e=1769576400&v=beta&t=M7Va5Bes9d9sisEO-z9KUsVcXM-Z2QZ-U7aD9XAD3QM
"You uploaded a feed photo on May 16, 2025 at 10:09 AM (GMT)","My MPU6050Aries Arduino Library is Now in the Official Library Manager

So excited to share that my open-source Arduino library, MPU6050Aries, is now officially available in the Arduino Library Manager! This makes it super easy for anyone to install and use directly from the Arduino IDE.

This library is designed specifically for Aries boards (Vega/RISC-V architecture) and provides stable roll and pitch estimations from the MPU6050 sensor using a Kalman filter, along with temperature readings ? perfect for projects like self-balancing robots.

A huge thank you to FabLab Baramati  for reaching out, sharing how they've been using the library, and suggesting I submit it to the registry for wider community access. It's incredibly motivating to see your work being used and to be able to give back!
The process involved preparing the library, creating a release on GitHub, and submitting it to the Arduino Library Registry. It's a fantastic feeling to see it live!

?? Find ""MPU6050Aries"" in your Arduino IDE Library Manager or check out the repo: GitHub: https://lnkd.in/gfmEtH2f

VEGA Processors Arduino 
#Arduino #OpenSource #LibraryManager #MPU6050 #Sensors #KalmanFilter #EmbeddedSystems #Robotics #RISCV #VegaProcessors #Community #Maker #Contribution #Microcontrollers #Programming #Developers #DIY #Electronics #Engineering #Technology #SoftwareDevelopment #Hardware #IoT",
"You uploaded a feed photo on May 16, 2025 at 10:09 AM (GMT)", -,https://media.licdn.com/dms/image/v2/D5622AQGFbn-Lnwq9Iw/feedshare-shrink_1280/B56ZbYkk.AGgAk-/0/1747390190317?e=1770854400&v=beta&t=-FCjYLtYlXv8Ty8eOAUHpxcI6WmD2PyK6AlaDHIxGJg
"You uploaded a feed photo on May 16, 2025 at 10:09 AM (GMT)", -,https://media.licdn.com/dms/image/v2/D5622AQFP5XNlzN9bzg/feedshare-shrink_20/B56ZbYkk94HgA0-/0/1747390190259?e=1770854400&v=beta&t=1qPO5LBE-9DY8VTJ40EaKsmAAAu8a1wPk6h5ktPNRgg
"You uploaded a feed photo on May 16, 2025 at 10:09 AM (GMT)", -,https://media.licdn.com/dms/image/v2/D5622AQGtzqCbaJ4FZA/feedshare-shrink_1280/B56ZbYkk9VG4Ao-/0/1747390190325?e=1770854400&v=beta&t=7ThimUAkloe0RKKchO3XC8nCYKWj0Qc6k9SVkVImY7E
"You uploaded a feed photo on May 2, 2025 at 8:46 PM (GMT)","Thrilled to share I've just successfully completed my first contributions to the ROS 2 ecosystem through the ROS 2 Kilted Kaiju Tutorial Party! 

It's been an amazing learning experience diving into the official testing process for the upcoming ROS 2 Kilted release. I focused on testing core functionalities on a high-priority platform: Windows 11 (using the binary/Pixi installation with CycloneDDS).

It feels great to contribute, even in a small way, to the stability of the next ROS 2 release by providing this validation.

For anyone looking to get involved in open source, especially within robotics and ROS, this Tutorial Party is a fantastic opportunity! It runs until May 15th, and they particularly need testers on Windows, RHEL 9 and of course Ubuntu too. You don't necessarily need deep coding skills ? just the ability to follow instructions, run tests, and report your findings (successes or bugs!).

Check it out here: https://lnkd.in/gSiZTMTT

Huge thanks to the ROS 2 team for organizing this event and providing clear guidance! Looking forward to contributing more.

#ROS #ROS2 #OpenSource #Robotics #Contribution #LearnInPublic #Testing #SoftwareTesting #WindowsDev #KiltedKaiju #Community #Robotics #ROS2 #OpenSource #SoftwareEngineering #SoftwareDevelopment #AI #Automation #Testing #SoftwareTesting #WindowsDev #KiltedKaiju #Community #Python #Cpp #Developer #Programming #Tech #Engineering #Innovation #IoT #Perception #Contribution #LearnInPublic #DDS",
"You uploaded a feed photo on May 2, 2025 at 8:46 PM (GMT)", -,https://media.licdn.com/dms/image/v2/D5622AQFyDJ9ee7SJWA/feedshare-shrink_800/B56ZaSv.aaGoAk-/0/1746218773151?e=1770854400&v=beta&t=-X7qyGWvLBO4npnzWSPasAbgDofBTl9EQY2hndYI8xw
"You uploaded a feed photo on May 2, 2025 at 8:46 PM (GMT)", -,https://media.licdn.com/dms/image/v2/D5622AQEBgwnfqHRieg/feedshare-shrink_2048_1536/B56ZaSv.aUHAAw-/0/1746218772961?e=1770854400&v=beta&t=EvYlySzs8Odo6AVRFZ9lEXmKY6xBbU5m09PHy9DTPH8
"You uploaded a feed photo on May 2, 2025 at 8:46 PM (GMT)", -,https://media.licdn.com/dms/image/v2/D5622AQHGc9enrigbUw/feedshare-shrink_160/B56ZaSv.aWHgAc-/0/1746218772948?e=1770854400&v=beta&t=R3UniFE9Fc4579peMhc1qxoUQIvKcRRN4cDVUWCuDPQ
"You uploaded a photo on April 30, 2025 at 3:30 PM (GMT)", -,https://media.licdn.com/dms/image/v2/D562DAQEo6TkBPwoUOQ/profile-treasury-image-shrink_8192_8192/B56ZaHUgxWGoAg-/0/1746027024506?e=1769576400&v=beta&t=YAmrqt_F5VRfSSjIYVawQIteqNF5EHE10VGgTxaLjqY
"You uploaded a profile background photo on April 20, 2025 at 7:01 PM (GMT)", -,https://media.licdn.com/dms/image/v2/D5604AQFSqCNY6MianA/profile-background-servable-original-image/B56ZZUk2A4HsAM-/0/1745175667359?e=1770854400&v=beta&t=lmNRMz4KSOKW_TT_i8AhewvjvQH5i8S9tGfuzuacIKA
"You uploaded a profile background photo on April 20, 2025 at 7:01 PM (GMT)", -,https://media.licdn.com/dms/image/v2/D5616AQE9NGcC9IZ7xw/profile-displaybackgroundimage-shrink_200_800/B56ZZUk2AoGUAY-/0/1745175667622?e=1770854400&v=beta&t=twa2p2Su6G48vcXE6IxrHPzzwwbVLRO-8t-TxpU1mII
"You uploaded a feed photo on April 18, 2025 at 7:59 PM (GMT)", -,https://media.licdn.com/dms/image/v2/D5622AQGBhgqnwYDhJw/feedshare-shrink_480/B56ZZKfFb7HQAY-/0/1745006389197?e=1770854400&v=beta&t=kh6giny8gCjmNYn8xrqSxTPqp0yh_8jr-sKlTgvJWfY
"You uploaded a feed photo on April 18, 2025 at 7:59 PM (GMT)", -,https://media.licdn.com/dms/image/v2/D5622AQE8ll7-Helt0Q/feedshare-shrink_2048_1536/B56ZZKfFb1GoAo-/0/1745006394102?e=1770854400&v=beta&t=FU7ys7fzTgo7Y9okyhF9k-vhbePZeNew6Kov1cPeMUs
"You uploaded a feed photo on April 18, 2025 at 7:59 PM (GMT)", -,https://media.licdn.com/dms/image/v2/D5622AQFZEobSYLVArg/feedshare-shrink_160/B56ZZKfFbwH0Ac-/0/1745006390836?e=1770854400&v=beta&t=knZJTSNB6OleabP3bXBB9Fz_T_5L-9eobv-YR3JgQps
"You uploaded a feed photo on April 18, 2025 at 7:59 PM (GMT)", -,https://media.licdn.com/dms/image/v2/D5622AQFphwtOkzKYFQ/feedshare-shrink_160/B56ZZKfFbvGsAc-/0/1745006390513?e=1770854400&v=beta&t=6gFKS-zxqyEB3p8wrVRE7DWFcwnksPL-OcNHf02IRf4
"You uploaded a feed photo on April 18, 2025 at 7:59 PM (GMT)", -,https://media.licdn.com/dms/image/v2/D5622AQGOrQ8K22kVMA/feedshare-shrink_160/B56ZZKfFbiGQAc-/0/1745006390891?e=1770854400&v=beta&t=oQ52GcwzmGyhr9CT786GoVrgCggWHPX167XksvIaNyQ
"You uploaded a feed photo on April 17, 2025 at 10:00 AM (GMT)", -,https://media.licdn.com/dms/image/v2/D5622AQGvcaknheVMwQ/feedshare-shrink_480/B56ZZDMQoFHoAY-/0/1744884013738?e=1770854400&v=beta&t=thmT8DV0fUsVgPookQasWE56A3u23DaTpOab-julPaU
"You uploaded a feed photo on April 17, 2025 at 10:00 AM (GMT)", -,https://media.licdn.com/dms/image/v2/D5622AQHKBeBRd4aVPQ/feedshare-shrink_480/B56ZZDMQn3H0AY-/0/1744884012883?e=1770854400&v=beta&t=7CPiWfJUO9dY34xrd0auhFEdLMPMv_l3WGck_hs0DAE
"You uploaded a feed photo on April 17, 2025 at 10:00 AM (GMT)", -,https://media.licdn.com/dms/image/v2/D5622AQGzfQFpGyqJ3g/feedshare-shrink_800/B56ZZDMQmFGUAg-/0/1744884011257?e=1770854400&v=beta&t=AGFNHE9DLOLFEG-_whKZTB8x16dsrLvZoBDcsXUTKt8
"You uploaded a feed photo on April 17, 2025 at 10:00 AM (GMT)", -,https://media.licdn.com/dms/image/v2/D5622AQFE4xV01u4BCw/feedshare-shrink_2048_1536/B56ZZDMQmCHoAw-/0/1744884011033?e=1770854400&v=beta&t=y0HUQ9CNUK7M7tmcJCIJVGQfSgZ2scEnVOwB7aQtKfs
"You uploaded a photo on April 11, 2025 at 4:32 PM (GMT)", -,https://media.licdn.com/dms/image/v2/D562DAQHasGwKPJHW7w/profile-treasury-image-shrink_1920_1920/B56ZYlsm0QGcAc-/0/1744389173543?e=1769576400&v=beta&t=A_Z2rWXt2h6ulCVqOCUpjeNWoW5LePn_iUJd1ZeFDAQ
"You uploaded a feed photo on April 5, 2025 at 9:06 PM (GMT)", -,https://media.licdn.com/dms/image/v2/D5622AQFGnVPGzDEldA/feedshare-shrink_800/B56ZYHxu6sHQAo-/0/1743887208161?e=1770854400&v=beta&t=C6EvXDh5HdUOhHHMiTomAJWsahA9eXlJPxIACeJzl0w
"You uploaded a feed photo on April 5, 2025 at 9:06 PM (GMT)", -,https://media.licdn.com/dms/image/v2/D5622AQGuLJVS3GBLYw/feedshare-shrink_1280/B56ZYHxu6qGoAo-/0/1743887210251?e=1770854400&v=beta&t=UQ3hpHT9l5NFg3-6K5Mh0Kn9CR31v7d0w9hRZaLgrvA
"You uploaded a feed photo on April 5, 2025 at 9:06 PM (GMT)", -,https://media.licdn.com/dms/image/v2/D5622AQET4x6iUt3bkQ/feedshare-shrink_20/B56ZYHxu6XGUAw-/0/1743887206009?e=1770854400&v=beta&t=cs-jo9zt4nnbCckwpyyQ3a81Q44_p70pniQNpVJG63k
"You uploaded a feed photo on April 5, 2025 at 9:06 PM (GMT)", -,https://media.licdn.com/dms/image/v2/D5622AQF-9ohrhDrYDQ/feedshare-shrink_2048_1536/B56ZYHxu5qHEAo-/0/1743887201661?e=1770854400&v=beta&t=d2L5qXqNro3-7UFx2qRaGjubSzF9st83bbhi6Rg0sDg
"You uploaded a photo on April 5, 2025 at 3:10 PM (GMT)", -,https://media.licdn.com/dms/image/v2/D562DAQGTXCWk_6fteA/profile-treasury-image-shrink_1920_1920/B56ZYGgL0OGcAk-/0/1743865823539?e=1769576400&v=beta&t=ipHR--Yp2-hy0-UsMFZ5CYxXszhQvZkXTO3G-kD5f8I
"You uploaded a photo on April 5, 2025 at 11:19 AM (GMT)", -,https://media.licdn.com/dms/image/v2/D562DAQE8rnxFpfCjog/profile-treasury-image-shrink_8192_8192/B56ZYFrXZfHEAg-/0/1743851977116?e=1769576400&v=beta&t=36iaC5W0LdHTjrNg2fhiVgd2vauWNbI0wcFNx6iI_vM
"You uploaded a photo on April 5, 2025 at 11:11 AM (GMT)", -,https://media.licdn.com/dms/image/v2/D562DAQGA3pXInWO-yg/profile-treasury-image-shrink_1280_1280/B56ZYFpcbDH0AU-/0/1743851473871?e=1769576400&v=beta&t=nwCNE-MGxDcb4w6pjrBqLIzEY27JVTbMpuFG_spSHMg
"You uploaded a photo on April 5, 2025 at 11:08 AM (GMT)", -,https://media.licdn.com/dms/image/v2/D562DAQHhT64H5fsnPA/profile-treasury-image-shrink_1920_1920/B56ZYFo4EqHoAc-/0/1743851324427?e=1769576400&v=beta&t=hbsUqFZNji00qe9xWfqlcx8xb16yqwUp2qm2qXiWx8M
"You uploaded a photo on April 5, 2025 at 11:07 AM (GMT)", -,https://media.licdn.com/dms/image/v2/D562DAQH5vaG5v6IWPQ/profile-treasury-image-shrink_1280_1280/B56ZYFopq5GsAQ-/0/1743851265594?e=1769576400&v=beta&t=SzWt3GN7jnQC0gWkmttJAk0zLjeqmhWumgCda8g4Od4
"You uploaded a photo on April 5, 2025 at 11:05 AM (GMT)", -,https://media.licdn.com/dms/image/v2/D562DAQFUdJO1BgK_5g/profile-treasury-image-shrink_1280_1280/B56ZYFoLMAGoAQ-/0/1743851140560?e=1769576400&v=beta&t=K1T6JdJJT52H1p_qMWoHl-i4HIsFWQKD5Lp8Sm-WOuE
"You uploaded a photo on April 5, 2025 at 11:05 AM (GMT)", -,https://media.licdn.com/dms/image/v2/D562DAQHiqiyRhQ_PRg/profile-treasury-image-shrink_8192_8192/B56ZYFoH1IHQAg-/0/1743851127043?e=1769576400&v=beta&t=ylVyefwuq6i_d2Dbo8ieRcPZNvuQg5oe2q8_9MyXrn4
"You uploaded a photo on April 5, 2025 at 10:49 AM (GMT)", -,https://media.licdn.com/dms/image/v2/D562DAQHN6W8ChdOEFQ/profile-treasury-image-shrink_1280_1280/B56ZYFkhW2GcAQ-/0/1743850183047?e=1769576400&v=beta&t=Bl6hCevhoCeWN-nB7ob_NR5g-b88KC-5N_8THw_nD-Q
"You uploaded a photo on April 5, 2025 at 10:44 AM (GMT)", -,https://media.licdn.com/dms/image/v2/D562DAQHLefq0V3oq3g/profile-treasury-image-shrink_8192_8192/B56ZYFjadgHQAg-/0/1743849893533?e=1769576400&v=beta&t=VSqx8HokTrn2W748tbrpleT7HPfPUwCNLIWw4ppjSa8
"You uploaded a photo on April 5, 2025 at 10:44 AM (GMT)", -,https://media.licdn.com/dms/image/v2/D562DAQFuEXdt4TitpQ/profile-treasury-image-shrink_8192_8192/B56ZYFjV4jGcAg-/0/1743849874200?e=1769576400&v=beta&t=Np-NqoIXqsRODbZKw_5HNCo3Dv4k8KWIbOB-nmyHJ6U
"You uploaded a photo on April 5, 2025 at 10:33 AM (GMT)", -,https://media.licdn.com/dms/image/v2/D562DAQFUrgAVDe9Y2g/profile-treasury-image-shrink_8192_8192/B56ZYFg5c4HoAk-/0/1743849233362?e=1769576400&v=beta&t=9DNj0EKs0LkbXaLQCkPkYyo5xA6-rOrUyC4u9MJWtx0
"You uploaded a photo on April 5, 2025 at 10:25 AM (GMT)", -,https://media.licdn.com/dms/image/v2/D562DAQGKG8QWBqe9Ww/profile-treasury-image-shrink_8192_8192/B56ZYFe9acH0Ag-/0/1743848725644?e=1769576400&v=beta&t=kGPU6Tawu69MM0gAR-7IqVpivIjgR8pUNNJ5DYIH--c
"You uploaded a photo on April 5, 2025 at 10:19 AM (GMT)", -,https://media.licdn.com/dms/image/v2/D562DAQEcZU1CgOf3ow/profile-treasury-image-shrink_1920_1920/B56ZYFdmZRHoAc-/0/1743848368892?e=1769576400&v=beta&t=mtpoFaWOc9kmYUvQvgo7Me_2hsxtl1WSNsl7nOKXFm4
"You uploaded a photo on April 5, 2025 at 10:06 AM (GMT)", -,https://media.licdn.com/dms/image/v2/D562DAQHxSo039RCIlA/profile-treasury-image-shrink_8192_8192/B56ZYFauouHQAg-/0/1743847615815?e=1769576400&v=beta&t=f5r5tf-TSn3C67WDhso_bdNbodTjHHEE-vmwW3aN5xY
"You uploaded a photo on April 5, 2025 at 10:04 AM (GMT)", -,https://media.licdn.com/dms/image/v2/D562DAQHAogRkrAca-g/profile-treasury-image-shrink_8192_8192/B56ZYFaMkWH0Ag-/0/1743847476299?e=1769576400&v=beta&t=Fz6KHTvVq9l4ZH9B0oIMd_vnV8LncbBpsvUO5g6GCZk
"You uploaded a photo on April 5, 2025 at 9:47 AM (GMT)", -,https://media.licdn.com/dms/image/v2/D562DAQFKF9roP9Lk9Q/profile-treasury-image-shrink_1920_1920/B56ZYFWSujGUAc-/0/1743846454132?e=1769576400&v=beta&t=0DBqp9iBwUTHqdUuMJVE0ovy5lXX44-TL2Hc3LwslGI
"You uploaded a photo on April 5, 2025 at 9:13 AM (GMT)", -,https://media.licdn.com/dms/image/v2/D562DAQEWx6iYdNsekA/profile-treasury-image-shrink_1920_1920/B56ZYFOjTzGoAc-/0/1743844424165?e=1769576400&v=beta&t=b0YUvJKUGUrnk_WSO1SzLsZ-99cSdo2RKoJDJIWiuhw
"You uploaded a photo on April 5, 2025 at 5:18 AM (GMT)", -,https://media.licdn.com/dms/image/v2/D562DAQEQbw4Jteevew/profile-treasury-image-shrink_8192_8192/B56ZYEYxFBHQAg-/0/1743830324340?e=1769576400&v=beta&t=fk0VOVRMowMsRp3Hbg8TnqVkcDT4Cclx9fl7q1sWl3U
"You uploaded a photo on April 5, 2025 at 5:15 AM (GMT)", -,https://media.licdn.com/dms/image/v2/D562DAQEn2TbnYjrJYQ/profile-treasury-image-shrink_8192_8192/B56ZYEX9B3GcAk-/0/1743830111266?e=1769576400&v=beta&t=EMcRHHM5bFuceFZUpaWxGPcOxOvMFHgXbro9eZy1Nwg
"You uploaded a photo on April 4, 2025 at 6:03 PM (GMT)", -,https://media.licdn.com/dms/image/v2/D562DAQF7w9ZCxibKiw/profile-treasury-image-shrink_8192_8192/B56ZYB.Tu1GcAk-/0/1743789833949?e=1769576400&v=beta&t=RSfJPrnBIV8Nqp-HB9l6AN6pJdDPe7Sr95AbcfcZEkk
"You uploaded a photo on April 4, 2025 at 5:45 PM (GMT)", -,https://media.licdn.com/dms/image/v2/D562DAQGKHn3jsnDj5Q/profile-treasury-image-shrink_8192_8192/B56ZYB6HjQH0Ag-/0/1743788735494?e=1769576400&v=beta&t=CwgtkFXlhuxc_REY7aep-Sz6_5V6cbMPXxeU2n2X6Lo
"You uploaded a photo on April 4, 2025 at 5:38 PM (GMT)", -,https://media.licdn.com/dms/image/v2/D562DAQHMuN_Zyo7KxQ/profile-treasury-image-shrink_8192_8192/B56ZYB4aD4HoAg-/0/1743788287436?e=1769576400&v=beta&t=FHt1mkSXqRNdTp9_y_g-EoCU8xoph9h6Q4CT1ZejhYQ
"You uploaded a photo on April 4, 2025 at 5:32 PM (GMT)", -,https://media.licdn.com/dms/image/v2/D562DAQF_khdpvgh1Rw/profile-treasury-image-shrink_1280_1280/B56ZYB3NRIGcAU-/0/1743787972434?e=1769576400&v=beta&t=P2nFrW9IiY8cUp3NXmCOZtv9oVtAaBvL005tqRJQpJ0
"You uploaded a photo on April 4, 2025 at 5:27 PM (GMT)", -,https://media.licdn.com/dms/image/v2/D562DAQECTDUXaBF9bw/profile-treasury-image-shrink_1920_1920/B56ZYB16ajHoAc-/0/1743787633165?e=1769576400&v=beta&t=OUy5nAB6Fw99GaVo3mQV7bczVajLnANsp727nrM7TNE
"You uploaded a photo on April 4, 2025 at 5:24 PM (GMT)", -,https://media.licdn.com/dms/image/v2/D562DAQEYDQsGh8pOkA/profile-treasury-image-shrink_1920_1920/B56ZYB1UCWGsAc-/0/1743787476064?e=1769576400&v=beta&t=bmkklmEnOrH1GxxXc9p624XwkcZGjCJJ9pT5VWXr8zM
"You uploaded a photo on April 4, 2025 at 5:22 PM (GMT)", -,https://media.licdn.com/dms/image/v2/D562DAQELVpRgbPWS2A/profile-treasury-image-shrink_8192_8192/B56ZYB0wxGGsAg-/0/1743787331520?e=1769576400&v=beta&t=UR7SlwxlqR-ws54JOkVrY7HXQJwbLgKYv3LsWk726xU
"You uploaded a profile photo on March 20, 2025 at 4:51 PM (GMT)", -,https://media.licdn.com/dms/image/v2/D5604AQHb4vOVGfRA9w/profile-originalphoto-shrink_900_1200/B56ZW0dzyLGsAM-/0/1742489468860?e=1770854400&v=beta&t=axEQsPgRxvwChjZGRMDfcR6oaFvMjgDqIYrmzSrgP_Q
"You uploaded a profile photo on March 20, 2025 at 4:51 PM (GMT)", -,https://media.licdn.com/dms/image/v2/D5603AQGmjJmf1J_rKA/profile-displayphoto-shrink_800_800/B56ZW0dzw0HsAc-/0/1742489468722?e=1770854400&v=beta&t=duuox_DVWoyGVMdiE1mjFR5XdOV1E12VO5VOuyraSSQ
"You uploaded a photo on January 20, 2025 at 3:12 PM (GMT)", -,https://media.licdn.com/dms/image/v2/D562DAQFX38qzreQ62Q/profile-treasury-image-shrink_8192_8192/profile-treasury-image-shrink_8192_8192/0/1737385944181?e=1769576400&v=beta&t=LgEohi7VGmjedbjeinF4uZ35WegREyMjW9PSgbxjLbg
"You uploaded a photo on January 19, 2025 at 4:44 PM (GMT)", -,https://media.licdn.com/dms/image/v2/D562DAQFNcRryuga33w/profile-treasury-image-shrink_8192_8192/profile-treasury-image-shrink_8192_8192/0/1737305079372?e=1769576400&v=beta&t=qe7XNDgPihGzN2JyZ5JtSlpCWC2uUKgoRF84tg7RAds
"You uploaded a feed photo on January 16, 2025 at 1:06 PM (GMT)", -,https://media.licdn.com/dms/image/v2/D5622AQGGujpazy5hEQ/feedshare-shrink_20/B56ZRvOM2vHwAw-/0/1737032790141?e=1770854400&v=beta&t=wjJHLNsWWO46-2q3LOhythImPY_zmCtKaJ_bdWl8MYg
"You uploaded a feed photo on January 16, 2025 at 1:06 PM (GMT)", -,https://media.licdn.com/dms/image/v2/D5622AQE0JTeXzfNI1w/feedshare-shrink_2048_1536/B56ZRvOM2ZGsAo-/0/1737032798079?e=1770854400&v=beta&t=lU5vZ2xTo6GXNo6PH5YT0P468WvZIHARSdV00LldY04
"You uploaded a feed photo on January 16, 2025 at 1:06 PM (GMT)", -,https://media.licdn.com/dms/image/v2/D5622AQFxgkssQW5cRw/feedshare-shrink_20/B56ZRvOM2UHoAw-/0/1737032784334?e=1770854400&v=beta&t=4_ClQPD7VHFXH2QjVya8kdB_bud9jjnbdaJEtqtP4uk
"You uploaded a feed photo on January 16, 2025 at 1:06 PM (GMT)", -,https://media.licdn.com/dms/image/v2/D5622AQFzgAJW0JQofQ/feedshare-shrink_2048_1536/B56ZRvOM2OGQAo-/0/1737032791327?e=1770854400&v=beta&t=mkaXz4A_RBZUHbwBNXgMhmJeWcnYqXyBAoo8346wo_I
"You uploaded a feed photo on January 16, 2025 at 1:06 PM (GMT)", -,https://media.licdn.com/dms/image/v2/D5622AQFRXHDTmEc-oA/feedshare-shrink_480/B56ZRvOM2KGQAY-/0/1737032789816?e=1770854400&v=beta&t=WVic10GVKHs_AR6009nF6vMvEDup9J3esNfyYxyeIgs
"You uploaded a feed photo on January 16, 2025 at 1:06 PM (GMT)", -,https://media.licdn.com/dms/image/v2/D5622AQHWWM33daUtgA/feedshare-shrink_160/B56ZRvOM1kGsAc-/0/1737032786054?e=1770854400&v=beta&t=bWBydUQP0xPJNI1djah2HgRKHQILX51JU88umV-Wsyk
"You uploaded a feed photo on January 15, 2025 at 3:47 AM (GMT)", -,https://media.licdn.com/dms/image/v2/D5622AQHj0cRrPf0vSg/feedshare-shrink_2048_1536/B56ZRoEoihH0As-/0/1736912850265?e=1770854400&v=beta&t=ajqQCBMfK8SyGgTFoSxM4YgmpO76_GzAAnCucqzyYyg
"You uploaded a feed photo on January 15, 2025 at 3:47 AM (GMT)", -,https://media.licdn.com/dms/image/v2/D5622AQEa6mdqimfWGg/feedshare-shrink_2048_1536/B56ZRoEoiIHoAo-/0/1736912885710?e=1770854400&v=beta&t=_lOHHKZmk5e3l1L5HUOVKXQISDqzRPIa-yWx9cOvLQg
"You uploaded a feed photo on January 15, 2025 at 3:47 AM (GMT)", -,https://media.licdn.com/dms/image/v2/D5622AQFqsBr9VGkwhQ/feedshare-shrink_1280/B56ZRoEoghG8Ao-/0/1736912844414?e=1770854400&v=beta&t=c7VCoeGOmD2_ILRMm7okhlkY11sqCi_1yrJQQPKLBvc
"You uploaded a feed photo on January 15, 2025 at 3:47 AM (GMT)", -,https://media.licdn.com/dms/image/v2/D5622AQGlnJNvNyJxCQ/feedshare-shrink_1280/B56ZRoEoggHwAk-/0/1736912839832?e=1770854400&v=beta&t=OqKarxOIHSRCiLz8LfmLoc9i0f6cbBro9zzAGayMZZQ
"You uploaded a feed photo on December 8, 2024 at 12:59 PM (GMT)", -,https://media.licdn.com/dms/image/v2/D5622AQEhUhhmKwRNCA/feedshare-shrink_2048_1536/feedshare-shrink_2048_1536/0/1733662760765?e=1770854400&v=beta&t=tvAoyVgpeF_Vm8a5otelK_bKuQwD6Zelq81x_ThmXMk
"You uploaded a feed photo on December 8, 2024 at 12:59 PM (GMT)", -,https://media.licdn.com/dms/image/v2/D5622AQGtlPvNaB9cgQ/feedshare-shrink_2048_1536/feedshare-shrink_2048_1536/0/1733662758996?e=1770854400&v=beta&t=RXckZGLL6oaUNSuqNg6XFxf0SdidMMj-u8uI4B-VJ1k
"You uploaded a feed photo on December 8, 2024 at 12:59 PM (GMT)", -,https://media.licdn.com/dms/image/v2/D5622AQF9fMdaul93Dg/feedshare-shrink_2048_1536/feedshare-shrink_2048_1536/0/1733662758848?e=1770854400&v=beta&t=KX6yoTU3z_EMxoVsqrcq2OpN2qttu2WiOF2IeEEELQg
"You uploaded a feed photo on December 8, 2024 at 12:59 PM (GMT)", -,https://media.licdn.com/dms/image/v2/D5622AQEF6MZDj2M_4g/feedshare-shrink_2048_1536/feedshare-shrink_2048_1536/0/1733662758919?e=1770854400&v=beta&t=oBVz4KqmV_4DWwpwxVUZQ0FZA6Hsk7yxaEWldx-V380
"You uploaded a photo on December 8, 2024 at 12:40 PM (GMT)", -,https://media.licdn.com/dms/image/v2/D562DAQFAasO7_CFZNg/profile-treasury-image-shrink_8192_8192/profile-treasury-image-shrink_8192_8192/0/1733661641231?e=1769576400&v=beta&t=pCUxyxWeGGT3KS9mMQtav5B9lPLKs4CCZalOGZe4onM
"You uploaded a photo on December 8, 2024 at 12:21 PM (GMT)", -,https://media.licdn.com/dms/image/v2/D562DAQHy6Au6krYBKQ/profile-treasury-image-shrink_8192_8192/profile-treasury-image-shrink_8192_8192/0/1733660461723?e=1769576400&v=beta&t=1Obkv7OmgYj1-LouHUrfpxQNlJs0x1Ne0yxp9Bt4ews
"You uploaded a photo on December 8, 2024 at 12:20 PM (GMT)", -,https://media.licdn.com/dms/image/v2/D562DAQH7XHwyYa2Lmw/profile-treasury-image-shrink_8192_8192/profile-treasury-image-shrink_8192_8192/0/1733660453952?e=1769576400&v=beta&t=VSWqZhsMiEQoNS12p1-q80OYt-XlqmwM19FJQufrBbc
"You uploaded a photo on December 8, 2024 at 12:20 PM (GMT)", -,https://media.licdn.com/dms/image/v2/D562DAQEyXp-GyIM0cA/profile-treasury-image-shrink_8192_8192/profile-treasury-image-shrink_8192_8192/0/1733660409436?e=1769576400&v=beta&t=TfJ26EZzNHpb5Sugl2lhkHGZGcfTmUqPECSUPW1h1oI
"You uploaded a feed photo on June 11, 2024 at 9:09 AM (GMT)", -,https://media.licdn.com/dms/image/v2/D5622AQF0wmxvLVnydw/feedshare-shrink_2048_1536/feedshare-shrink_2048_1536/0/1719147957190?e=1770854400&v=beta&t=4GxSED9sPx6A7Go1wVMG0mXPmXvgR7d3L8Cw8lVbads
"You uploaded a feed photo on June 11, 2024 at 9:09 AM (GMT)", -,https://media.licdn.com/dms/image/v2/D5622AQGAaQmCAhA7gg/feedshare-shrink_2048_1536/feedshare-shrink_2048_1536/0/1719196912774?e=1770854400&v=beta&t=EVem5QuOBUdmik1Jsg-Z8iHdi-vFmxKMfxZ47gkQSSY
"You uploaded a feed photo on June 11, 2024 at 9:09 AM (GMT)", -,https://media.licdn.com/dms/image/v2/D5622AQEgH3wX6FsJvg/feedshare-shrink_2048_1536/feedshare-shrink_2048_1536/0/1719126209368?e=1770854400&v=beta&t=Pw0o3fvUFShayA-S9p0UgaLY-ndkI5JOpRbUG9MvlTM
"You uploaded a feed photo on June 11, 2024 at 9:09 AM (GMT)", -,https://media.licdn.com/dms/image/v2/D5622AQGLWRsM0YsCJg/feedshare-shrink_2048_1536/feedshare-shrink_2048_1536/0/1719140451814?e=1770854400&v=beta&t=oWjnygBCjrSb81sto9wnCbkP0Bje52u03W-pvs5PeUQ
"You uploaded a feed photo on June 11, 2024 at 9:09 AM (GMT)", -,https://media.licdn.com/dms/image/v2/D5622AQGEnIWGuX525g/feedshare-shrink_2048_1536/feedshare-shrink_2048_1536/0/1719137097963?e=1770854400&v=beta&t=_409Xm9dQ-8mUMZ1zQ6QfbF8mWO_a_HZk8LmlCwKBds
"You uploaded a feed photo on June 11, 2024 at 9:09 AM (GMT)", -,https://media.licdn.com/dms/image/v2/D5622AQFuljccST3dGQ/feedshare-shrink_2048_1536/feedshare-shrink_2048_1536/0/1718097012463?e=1770854400&v=beta&t=LgUoqZyDyyQXHob4AJaTzHzXp2GJxUkmcrXV1HoSZTo
"You uploaded a feed photo on June 11, 2024 at 9:09 AM (GMT)", -,https://media.licdn.com/dms/image/v2/D5622AQGRw-ZiaXeJdQ/feedshare-shrink_2048_1536/feedshare-shrink_2048_1536/0/1718097013554?e=1770854400&v=beta&t=Yz7MctR7FEiHUO5F9-TXqJVyx66sRlzfnQL8xxO5UTk
"You uploaded a feed photo on May 30, 2024 at 6:24 AM (GMT)", -,https://media.licdn.com/dms/image/v2/D5622AQFfy_vm248OSQ/feedshare-shrink_2048_1536/feedshare-shrink_2048_1536/0/1717050253359?e=1770854400&v=beta&t=nGFZAeE1vp3b322KRILZKSXz_UIqiw6CnNhwaCbPWB8
"You uploaded a feed photo on May 30, 2024 at 6:24 AM (GMT)", -,https://media.licdn.com/dms/image/v2/D5622AQHuc-1y1Joecw/feedshare-shrink_2048_1536/feedshare-shrink_2048_1536/0/1717050253181?e=1770854400&v=beta&t=_1ruDqcW_WP9ziAVKGoj83APrpViQMxcyNKXGcY3Xb0
"You uploaded a feed photo on May 28, 2024 at 7:05 AM (GMT)", -,https://media.licdn.com/dms/image/v2/D5622AQGWb9jvzvqoqA/feedshare-shrink_2048_1536/feedshare-shrink_2048_1536/0/1716879920733?e=1770854400&v=beta&t=r8XvVqTqjsigxkxp0RMVLyfRdE82sTiM5QN623hxmQ0
"You uploaded a feed photo on May 25, 2024 at 5:26 PM (GMT)", -,https://media.licdn.com/dms/image/v2/D5622AQG7kDmS4aP2LQ/feedshare-shrink_2048_1536/feedshare-shrink_2048_1536/0/1716658000409?e=1770854400&v=beta&t=iPP3tn4OY12jKChuhLY024_dxovQmDz1O2_8fHcRI3k
"You uploaded a feed photo on May 25, 2024 at 5:26 PM (GMT)", -,https://media.licdn.com/dms/image/v2/D5622AQGrwvdQf8T5fA/feedshare-shrink_2048_1536/feedshare-shrink_2048_1536/0/1716658000698?e=1770854400&v=beta&t=zDr9OtMWkaV4R6AmXVEe89QeG_t655l4-phzws--MEE
"You uploaded a feed photo on May 25, 2024 at 5:26 PM (GMT)", -,https://media.licdn.com/dms/image/v2/D5622AQGNq3zlHwi6Uw/feedshare-shrink_2048_1536/feedshare-shrink_2048_1536/0/1716658001128?e=1770854400&v=beta&t=w45WTPZh5gCzk-ZHO-Uz1PDvwJ1RKpopYdJvz2riuUc
"You uploaded a feed photo on May 25, 2024 at 6:14 AM (GMT)", -,https://media.licdn.com/dms/image/v2/D5622AQHEB2G5KhatOw/feedshare-shrink_2048_1536/feedshare-shrink_2048_1536/0/1716617655303?e=1770854400&v=beta&t=MTjDexsY1MJkuXl3V_RFO56pqNNJ2-6uQ_CxQZ2DkUo
"You uploaded a feed photo on May 5, 2024 at 1:26 PM (GMT)", -,https://media.licdn.com/dms/image/v2/D5622AQF0ftv3c0wVfQ/feedshare-shrink_2048_1536/feedshare-shrink_2048_1536/0/1714915603487?e=1770854400&v=beta&t=eOmf25S7OMnnFp6n9O8fceswc_phUcWq6695mgKcfLI
"You uploaded a feed photo on May 5, 2024 at 1:26 PM (GMT)", -,https://media.licdn.com/dms/image/v2/D5622AQGyZXZvoOhvNQ/feedshare-shrink_2048_1536/feedshare-shrink_2048_1536/0/1714915602018?e=1770854400&v=beta&t=MuaiR1bZPZmU0i2QM2DnT6tVbwpwPW-Gzs0fyEzuNCA
"You uploaded a feed photo on May 5, 2024 at 1:26 PM (GMT)", -,https://media.licdn.com/dms/image/v2/D5622AQE6rL1piafRpA/feedshare-shrink_2048_1536/feedshare-shrink_2048_1536/0/1714915602710?e=1770854400&v=beta&t=lA7BgEyHPKc40Gv4gMB5P4BNsTA3i77I3sLiShjvcO0
"You uploaded a feed photo on May 5, 2024 at 1:26 PM (GMT)", -,https://media.licdn.com/dms/image/v2/D5622AQFyHbxK00orlA/feedshare-shrink_2048_1536/feedshare-shrink_2048_1536/0/1714915591526?e=1770854400&v=beta&t=7EMQgSliVuby3nWU_fXIT6pNmIEf7xYyFN_2b5x6Ezs
"You uploaded a feed photo on May 5, 2024 at 1:26 PM (GMT)", -,https://media.licdn.com/dms/image/v2/D5622AQG-YuNUK771nA/feedshare-shrink_2048_1536/feedshare-shrink_2048_1536/0/1714915603085?e=1770854400&v=beta&t=ftyLxHQTc066CajpJyfCMO1UxEosIOJh9yIg7yV-Nnc
"You uploaded a feed photo on May 5, 2024 at 1:26 PM (GMT)", -,https://media.licdn.com/dms/image/v2/D5622AQFSHEG0EFp9oA/feedshare-shrink_2048_1536/feedshare-shrink_2048_1536/0/1714915601506?e=1770854400&v=beta&t=CHs766BRZsvkz4dGYSqDJu9QSjHj-FPbXsnEg7Zd-gU
"You uploaded a feed photo on May 5, 2024 at 1:26 PM (GMT)", -,https://media.licdn.com/dms/image/v2/D5622AQGZXEcJNrTOCA/feedshare-shrink_2048_1536/feedshare-shrink_2048_1536/0/1714915590910?e=1770854400&v=beta&t=idda6sm6jfg_89SEsOCNLXGVEfpNynnnKAYvHmQ-kl0
"You uploaded a feed photo on May 5, 2024 at 1:26 PM (GMT)", -,https://media.licdn.com/dms/image/v2/D5622AQFgWLJbEzvtZQ/feedshare-shrink_2048_1536/feedshare-shrink_2048_1536/0/1714915602808?e=1770854400&v=beta&t=Ov67qjgToutoaof5PUHoXxL0EiSGUj1WrjrouCSK3Ic
"You uploaded a feed photo on May 5, 2024 at 1:17 PM (GMT)", -,https://media.licdn.com/dms/image/v2/D5622AQEWvI73xP4G8g/feedshare-shrink_2048_1536/feedshare-shrink_2048_1536/0/1714915047684?e=1770854400&v=beta&t=eQmlC2cGmwhOuBIKB8nKv7shtPcyK6fzfPlZE3o1kSk
"You uploaded a feed photo on May 5, 2024 at 1:17 PM (GMT)", -,https://media.licdn.com/dms/image/v2/D5622AQH10pMfMSCCNA/feedshare-shrink_2048_1536/feedshare-shrink_2048_1536/0/1714915049480?e=1770854400&v=beta&t=AqYbzco54ClYoDBi_qv0mQL6CGP8GoahV1mEAxbGW0M
"You uploaded a feed photo on May 5, 2024 at 1:17 PM (GMT)", -,https://media.licdn.com/dms/image/v2/D5622AQEr39LTN8pMvw/feedshare-shrink_2048_1536/feedshare-shrink_2048_1536/0/1714915049482?e=1770854400&v=beta&t=pPx21Nm48XRDPZ3faUFOohJDzNbGtsSvm2adpApmpEM
"You uploaded a feed photo on May 5, 2024 at 1:17 PM (GMT)", -,https://media.licdn.com/dms/image/v2/D5622AQGpbdOXGZDLxA/feedshare-shrink_2048_1536/feedshare-shrink_2048_1536/0/1714915046423?e=1770854400&v=beta&t=brkc8JrL1rgjcu45yoD0ea6FStCfQichUNmlbvPNfqc
"You uploaded a feed photo on May 5, 2024 at 1:17 PM (GMT)", -,https://media.licdn.com/dms/image/v2/D5622AQFPTXsJia78sQ/feedshare-shrink_2048_1536/feedshare-shrink_2048_1536/0/1714915049459?e=1770854400&v=beta&t=_YLJfpZQojZ789u2v2FN3ldhz4qC-14IGhLd-LExCvM
"You uploaded a feed photo on February 23, 2024 at 1:35 PM (GMT)", -,https://media.licdn.com/dms/image/v2/D5622AQF4mApZIjtLsA/feedshare-shrink_2048_1536/feedshare-shrink_2048_1536/0/1708695318732?e=1770854400&v=beta&t=DNqcm22asxXebVy-zy4ertTWEeqs0gAXqbQUC-LKVtM
"You uploaded a feed photo on February 23, 2024 at 1:35 PM (GMT)", -,https://media.licdn.com/dms/image/v2/D5622AQEZLoJK_BVWkg/feedshare-shrink_2048_1536/feedshare-shrink_2048_1536/0/1708695318075?e=1770854400&v=beta&t=9BrusQqetXWU-wK9ZYJvp4CSpCgXpgTlxThNacAnCTM
"You uploaded a feed photo on February 23, 2024 at 1:35 PM (GMT)", -,https://media.licdn.com/dms/image/v2/D5622AQFrGwKbUODq8Q/feedshare-shrink_2048_1536/feedshare-shrink_2048_1536/0/1708695315495?e=1770854400&v=beta&t=YZBxj0-7CbLveeiQwxO-yN5MfSurh4bwK0CBtYXP5NU
"You uploaded a feed photo on February 23, 2024 at 1:35 PM (GMT)", -,https://media.licdn.com/dms/image/v2/D5622AQES5JCJTJ9WYw/feedshare-shrink_2048_1536/feedshare-shrink_2048_1536/0/1708695318327?e=1770854400&v=beta&t=9LMLCKXw39-5WfKbOGHQ-Fa9K0wlndMlMusHkBc-sKs
"You uploaded a feed photo on February 23, 2024 at 1:35 PM (GMT)", -,https://media.licdn.com/dms/image/v2/D5622AQHI38PzKD73Yg/feedshare-shrink_2048_1536/feedshare-shrink_2048_1536/0/1708695318104?e=1770854400&v=beta&t=VTJSypFGCTezL993kwPO6N_GrDe-zDTuz6osLX_2A9w
"You uploaded a feed photo on February 23, 2024 at 1:35 PM (GMT)", -,https://media.licdn.com/dms/image/v2/D5622AQFava6BojAkvQ/feedshare-shrink_2048_1536/feedshare-shrink_2048_1536/0/1708695318345?e=1770854400&v=beta&t=x13yc9wHeI0LzgIzBcFOhdTDUXgOFB9mMi8A-vL06No
"You uploaded a feed photo on February 23, 2024 at 1:35 PM (GMT)", -,https://media.licdn.com/dms/image/v2/D5622AQHvgHCu4__qdg/feedshare-shrink_2048_1536/feedshare-shrink_2048_1536/0/1708695315720?e=1770854400&v=beta&t=rUT80WB6SI9zQJTQUoGQF8s2EJI8RSgS4J1mPr41TlE
"You uploaded a feed photo on February 23, 2024 at 1:35 PM (GMT)", -,https://media.licdn.com/dms/image/v2/D5622AQG7OFvZlI384g/feedshare-shrink_2048_1536/feedshare-shrink_2048_1536/0/1708695318455?e=1770854400&v=beta&t=HqmMPpR8eWANmOZ1Zb5ZemrukZk8BPXfxaFTUt6UxxI
"You uploaded a feed photo on February 19, 2024 at 2:28 AM (GMT)", -,https://media.licdn.com/dms/image/v2/D5622AQEIsYaA1QCbEQ/feedshare-shrink_2048_1536/feedshare-shrink_2048_1536/0/1708309694774?e=1770854400&v=beta&t=quQOBI7zjlm7xDUZ2qoluwpIZCe5EBP5PK0axfCW1z4
"You uploaded a feed photo on February 19, 2024 at 2:21 AM (GMT)", -,https://media.licdn.com/dms/image/v2/D5622AQEEscxwePu9Yw/feedshare-shrink_2048_1536/feedshare-shrink_2048_1536/0/1708309299467?e=1770854400&v=beta&t=R19oRWfIyjW0RH4_jeWL_9frD_g7H5aPdV5MTpsoUro
"You uploaded a feed document on January 23, 2024 at 11:56 AM (GMT)","Empowered by MES KeVeeYam College! Grateful for the opportunity to delve into 3D printing intricacies. This certificate symbolizes knowledge gained, skills honed, and a passion ignited. Ready to shape the future with innovation! ? #MESKeVeeYam #3DPrinting #KnowledgeIsPower",https://media.licdn.com/dms/document/media/v2/D561FAQEHPwem7KGMKA/feedshare-document-url-metadata-scrapper-pdf/feedshare-document-url-metadata-scrapper-pdf/0/1706011000662?e=1769576400&v=beta&t=r7JRQUVyniMAFbamGEmho3UWKjGp9f-O7uV0R0EpZnw
"You uploaded a feed photo on December 3, 2023 at 11:58 AM (GMT)", -,https://media.licdn.com/dms/image/v2/D5622AQF1D5JnQ6hQAA/feedshare-shrink_2048_1536/feedshare-shrink_2048_1536/0/1701604709918?e=1770854400&v=beta&t=0U9TGR65qqZ5GdxxKPPMmOtbhtKtTlfbW5sstNlg5QM
"You uploaded a feed photo on December 3, 2023 at 11:58 AM (GMT)", -,https://media.licdn.com/dms/image/v2/D5622AQH9T_LKmSCViQ/feedshare-shrink_2048_1536/feedshare-shrink_2048_1536/0/1701604705952?e=1770854400&v=beta&t=4zLz3xu88J4irJbkHdfhT3XV7h4q8Uqd4IFztUvV3sw
"You uploaded a feed photo on November 25, 2023 at 2:29 AM (GMT)", -,https://media.licdn.com/dms/image/v2/D5622AQGi8olj0motAw/feedshare-shrink_2048_1536/feedshare-shrink_2048_1536/0/1700879342519?e=1770854400&v=beta&t=tp2QnVoYNqHS1XKfPOH8AF3QhqPkZrdZiYSDuXmg9WM
"You uploaded a feed photo on November 25, 2023 at 2:29 AM (GMT)", -,https://media.licdn.com/dms/image/v2/D5622AQEKtiHrDaXhXg/feedshare-shrink_2048_1536/feedshare-shrink_2048_1536/0/1700879342750?e=1770854400&v=beta&t=E3OFFrhUJJQ0CsebAb9aqF4slyHPoNn2ENb7wtYUgJo
"You uploaded a feed document on November 20, 2023 at 7:04 AM (GMT)", -,https://media.licdn.com/dms/document/media/v2/D4D1FAQEtsJ6A5cx48g/feedshare-document-url-metadata-scrapper-pdf/feedshare-document-url-metadata-scrapper-pdf/0/1700463887141?e=1769576400&v=beta&t=-tsWq6a3l6FDeshxOLfdhHOysCWLahJ_EroIkq_s2Eg
"You uploaded a feed document on November 20, 2023 at 6:51 AM (GMT)", -,https://media.licdn.com/dms/document/media/v2/D4D1FAQEApdfTMu0YDw/feedshare-document-url-metadata-scrapper-pdf/feedshare-document-url-metadata-scrapper-pdf/0/1700463095482?e=1769576400&v=beta&t=4pC1ssl4QFk4KWSJha47E2He7dnX-JNqT1YiMpUGT_Q
"You uploaded a feed photo on November 10, 2023 at 5:27 PM (GMT)", -,https://media.licdn.com/dms/image/v2/D5622AQGSdlLopTwTEw/feedshare-shrink_2048_1536/feedshare-shrink_2048_1536/0/1699637238421?e=1770854400&v=beta&t=2vNF8RaBh2HCHrR2hKVZFg5LXL6_OOP9uHVA-qU_hYk
"You uploaded a feed photo on November 10, 2023 at 5:25 PM (GMT)", -,https://media.licdn.com/dms/image/v2/D5622AQFksDDO1JHNHQ/feedshare-shrink_2048_1536/feedshare-shrink_2048_1536/0/1699637156199?e=1770854400&v=beta&t=o1sJ2SdidmX386XHJUORM01GoLuoZrcnyUoVT20BrtE
"You uploaded a feed photo on November 10, 2023 at 5:25 PM (GMT)", -,https://media.licdn.com/dms/image/v2/D5622AQHLiVgZQhqPEg/feedshare-shrink_2048_1536/feedshare-shrink_2048_1536/0/1699637145182?e=1770854400&v=beta&t=3aM3QgW0oVfc9Iu5vOBYFbVeYJs4GZo6QKs_OlIQwlc
"You uploaded a feed photo on November 10, 2023 at 5:25 PM (GMT)", -,https://media.licdn.com/dms/image/v2/D5622AQFcKv2K_rljOw/feedshare-shrink_2048_1536/feedshare-shrink_2048_1536/0/1699637142029?e=1770854400&v=beta&t=adACO4-rUTFPxHOERasPViZRa4VcjjU0zXIZewN0VGQ
"You uploaded a feed photo on September 25, 2023 at 1:59 PM (GMT)", -,https://media.licdn.com/dms/image/v2/D5622AQF1-to0tYtycQ/feedshare-shrink_2048_1536/feedshare-shrink_2048_1536/0/1695650429067?e=1770854400&v=beta&t=XlXAV7VUmwEm3OolKOaRpp1CuShL59bBJYUYZjo-27c
